,date,depth,etype,lat,lon,lvl,place,time,lvl_new,datetime
0,2016-05-26,6.0,天然地震,28.5,87.6,Ms3.2,西藏,17:29:25,3.8,2016-05-26T17:29:25
1,2016-05-24,12.0,天然地震,27.46,101.81,ML2.4,四川,23:57:15,2.4,2016-05-24T23:57:15
2,2016-05-24,13.0,天然地震,27.48,101.82,ML2.4,四川,23:57:15,2.4,2016-05-24T23:57:15
3,2016-05-24,15.0,天然地震,37.46,115.01,ML1.3,河北,23:55:45,1.3,2016-05-24T23:55:45
4,2016-05-24,10.0,天然地震,37.7,112.46,ML1.1,山西,23:53:56,1.1,2016-05-24T23:53:56
5,2016-05-24,12.0,天然地震,38.6,103.03,ML0.7,甘肃,23:44:38,0.7,2016-05-24T23:44:38
6,2016-05-24,18.0,天然地震,26.7,100.13,ML0.3,云南,23:41:11,0.3,2016-05-24T23:41:11
7,2016-05-24,11.0,天然地震,46.56,92.4,ML1.6,蒙古,23:39:43,1.6,2016-05-24T23:39:43
8,2016-05-24,6.0,天然地震,34.46,100.29,ML1.5,青海,23:17:08,1.5,2016-05-24T23:17:08
9,2016-05-24,5.0,天然地震,28.6,103.7,ML1.2,四川,23:15:24,1.2,2016-05-24T23:15:24
10,2016-05-24,14.0,天然地震,32.08,104.43,ML1.1,四川,22:52:41,1.1,2016-05-24T22:52:41
11,2016-05-24,6.0,天然地震,34.44,100.28,ML2.5,青海,22:48:03,2.5,2016-05-24T22:48:03
12,2016-05-24,13.0,天然地震,32.31,104.93,ML0.9,四川,22:44:24,0.9,2016-05-24T22:44:24
13,2016-05-24,8.0,天然地震,39.03,116.92,ML1.7,天津,22:44:17,1.7,2016-05-24T22:44:17
14,2016-05-24,7.0,天然地震,31.95,95.02,ML2.6,西藏,22:26:42,2.6,2016-05-24T22:26:42
15,2016-05-24,6.0,天然地震,31.89,94.97,ML2.5,西藏,22:26:40,2.5,2016-05-24T22:26:40
16,2016-05-24,5.0,天然地震,33.19,103.66,ML1.1,四川,22:22:58,1.1,2016-05-24T22:22:58
17,2016-05-24,8.0,天然地震,31.37,116.22,ML0.3,安徽,22:22:09,0.3,2016-05-24T22:22:09
18,2016-05-24,12.0,天然地震,36.56,113.35,ML0.4,山西,22:15:45,0.4,2016-05-24T22:15:45
19,2016-05-24,15.0,天然地震,36.56,113.36,ML0.4,山西,22:15:44,0.4,2016-05-24T22:15:44
20,2016-05-24,6.0,天然地震,34.46,100.28,ML1.3,青海,22:06:52,1.3,2016-05-24T22:06:52
21,2016-05-24,8.0,天然地震,25.64,118.73,ML1.5,福建,21:57:53,1.5,2016-05-24T21:57:53
22,2016-05-24,15.0,天然地震,29.01,102.25,ML1.0,四川,21:18:37,1.0,2016-05-24T21:18:37
23,2016-05-24,6.0,天然地震,40.1,75.29,ML1.8,新疆,21:09:34,1.8,2016-05-24T21:09:34
24,2016-05-24,6.0,天然地震,34.94,111.12,ML1.5,山西,21:01:23,1.5,2016-05-24T21:01:23
25,2016-05-24,18.0,天然地震,34.96,111.11,ML1.6,山西,21:01:22,1.6,2016-05-24T21:01:22
26,2016-05-24,8.0,天然地震,26.13,99.58,ML0.9,云南,20:56:30,0.9,2016-05-24T20:56:30
27,2016-05-24,8.0,天然地震,25.99,99.02,ML0.8,云南,20:55:54,0.8,2016-05-24T20:55:54
28,2016-05-24,16.0,天然地震,32.28,103.71,ML1.5,四川,20:52:55,1.5,2016-05-24T20:52:55
29,2016-05-24,6.0,天然地震,47.62,89.02,ML0.9,新疆,20:43:56,0.9,2016-05-24T20:43:56
30,2016-05-24,6.0,天然地震,23.74,114.62,ML0.6,广东,20:29:25,0.6,2016-05-24T20:29:25
31,2016-05-24,11.0,天然地震,26.15,99.54,ML0.3,云南,20:29:05,0.3,2016-05-24T20:29:05
32,2016-05-24,7.0,天然地震,23.74,114.63,ML0.3,广东,20:27:37,0.3,2016-05-24T20:27:37
33,2016-05-24,4.0,天然地震,23.72,114.63,ML0.1,广东,20:22:05,0.1,2016-05-24T20:22:05
34,2016-05-24,5.0,天然地震,26.02,98.98,ML1.7,云南,20:14:22,1.7,2016-05-24T20:14:22
35,2016-05-24,5.0,天然地震,40.87,79.24,ML3.7,新疆,20:12:09,3.7,2016-05-24T20:12:09
36,2016-05-24,11.0,天然地震,26.07,99.57,ML0.0,云南,20:04:57,0.0,2016-05-24T20:04:57
37,2016-05-24,6.0,天然地震,40.67,122.65,ML1.1,辽宁,19:58:07,1.1,2016-05-24T19:58:07
38,2016-05-24,18.0,天然地震,31.6,104.02,ML1.7,四川,19:53:50,1.7,2016-05-24T19:53:50
39,2016-05-24,10.0,天然地震,26.06,99.58,ML0.9,云南,19:53:14,0.9,2016-05-24T19:53:14
40,2016-05-24,11.0,天然地震,26.11,99.59,ML0.2,云南,19:37:28,0.2,2016-05-24T19:37:28
41,2016-05-24,8.0,天然地震,39.68,118.95,ML1.6,河北,19:35:32,1.6,2016-05-24T19:35:32
42,2016-05-24,19.0,天然地震,24.34,97.63,ML3.3,缅甸,19:21:15,3.3,2016-05-24T19:21:15
43,2016-05-24,18.0,天然地震,32.36,105.11,ML0.7,四川,19:14:25,0.7,2016-05-24T19:14:25
44,2016-05-24,13.0,天然地震,26.08,99.59,ML0.7,云南,19:11:40,0.7,2016-05-24T19:11:40
45,2016-05-24,7.0,天然地震,39.86,75.5,ML3.0,新疆,19:08:03,3.0,2016-05-24T19:08:03
46,2016-05-24,21.0,天然地震,36.48,112.48,ML1.1,山西,19:05:59,1.1,2016-05-24T19:05:59
47,2016-05-24,6.0,天然地震,34.47,100.25,ML2.5,青海,19:00:58,2.5,2016-05-24T19:00:58
48,2016-05-24,20.0,天然地震,40.41,98.51,ML1.8,甘肃,18:59:17,1.8,2016-05-24T18:59:17
49,2016-05-24,11.0,天然地震,28.4,104.8,ML0.7,四川,18:57:33,0.7,2016-05-24T18:57:33
50,2016-05-24,8.0,天然地震,26.09,99.6,ML0.5,云南,18:52:49,0.5,2016-05-24T18:52:49
51,2016-05-24,5.0,天然地震,45.55,85.18,ML1.8,新疆,18:41:28,1.8,2016-05-24T18:41:28
52,2016-05-24,6.0,天然地震,40.22,77.23,ML1.8,新疆,18:39:31,1.8,2016-05-24T18:39:31
53,2016-05-24,3.0,天然地震,26.08,99.61,ML0.5,云南,18:38:27,0.5,2016-05-24T18:38:27
54,2016-05-24,8.0,天然地震,40.16,77.24,ML3.6,新疆,18:34:34,3.6,2016-05-24T18:34:34
55,2016-05-24,5.0,天然地震,28.65,103.62,ML2.2,四川,18:30:58,2.2,2016-05-24T18:30:58
56,2016-05-24,8.0,天然地震,28.65,103.68,ML1.8,四川,18:30:57,1.8,2016-05-24T18:30:57
57,2016-05-24,12.0,天然地震,26.1,99.58,ML0.6,云南,18:28:11,0.6,2016-05-24T18:28:11
58,2016-05-24,10.0,天然地震,31.91,95.0,ML2.5,西藏,18:10:48,2.5,2016-05-24T18:10:48
59,2016-05-24,15.0,天然地震,31.96,94.83,ML2.8,西藏,18:10:47,2.8,2016-05-24T18:10:47
60,2016-05-24,8.0,天然地震,28.41,104.81,ML1.1,四川,18:04:09,1.1,2016-05-24T18:04:09
61,2016-05-24,7.0,天然地震,43.93,83.52,ML1.8,新疆,17:50:28,1.8,2016-05-24T17:50:28
62,2016-05-24,11.0,天然地震,26.1,99.98,ML1.2,云南,17:50:09,1.2,2016-05-24T17:50:09
63,2016-05-24,10.0,天然地震,25.64,99.89,ML1.6,云南,17:46:03,1.6,2016-05-24T17:46:03
64,2016-05-24,6.0,天然地震,28.41,104.8,ML1.0,四川,17:41:34,1.0,2016-05-24T17:41:34
65,2016-05-24,7.0,天然地震,39.52,75.23,ML1.9,新疆,17:15:28,1.9,2016-05-24T17:15:28
66,2016-05-24,3.0,天然地震,40.02,75.99,ML1.7,新疆,17:13:38,1.7,2016-05-24T17:13:38
67,2016-05-24,14.0,天然地震,31.0,109.52,ML1.6,重庆,17:13:20,1.6,2016-05-24T17:13:20
68,2016-05-24,6.0,天然地震,26.1,99.57,ML2.0,云南,17:12:33,2.0,2016-05-24T17:12:33
69,2016-05-24,5.0,天然地震,31.71,104.04,ML1.3,四川,16:42:42,1.3,2016-05-24T16:42:42
70,2016-05-24,9.0,天然地震,39.2,90.03,ML3.0,新疆,16:30:29,3.0,2016-05-24T16:30:29
71,2016-05-24,6.0,天然地震,29.11,92.16,ML2.0,西藏,16:22:04,2.0,2016-05-24T16:22:04
72,2016-05-24,5.0,天然地震,27.76,101.22,ML0.9,四川,16:14:47,0.9,2016-05-24T16:14:47
73,2016-05-24,9.0,天然地震,23.73,114.7,ML0.4,广东,16:14:30,0.4,2016-05-24T16:14:30
74,2016-05-24,5.0,天然地震,33.46,108.7,ML0.9,陕西,16:09:17,0.9,2016-05-24T16:09:17
75,2016-05-24,7.0,天然地震,40.28,77.26,ML1.9,新疆,16:02:55,1.9,2016-05-24T16:02:55
76,2016-05-24,16.0,天然地震,38.87,112.91,ML1.7,山西,15:56:55,1.7,2016-05-24T15:56:55
77,2016-05-24,10.0,天然地震,38.69,99.32,ML1.6,青海,15:50:42,1.6,2016-05-24T15:50:42
78,2016-05-24,5.0,天然地震,23.93,100.35,ML2.5,云南,15:47:18,2.5,2016-05-24T15:47:18
79,2016-05-24,5.0,天然地震,26.92,103.24,ML2.0,云南,15:42:54,2.0,2016-05-24T15:42:54
80,2016-05-24,6.0,天然地震,37.18,79.16,ML2.8,新疆,15:35:15,2.8,2016-05-24T15:35:15
81,2016-05-24,10.0,天然地震,26.09,99.59,ML0.9,云南,15:32:44,0.9,2016-05-24T15:32:44
82,2016-05-24,15.0,天然地震,28.19,104.88,ML1.5,四川,15:31:16,1.5,2016-05-24T15:31:16
83,2016-05-24,11.0,天然地震,26.0,99.01,ML2.4,云南,15:26:03,2.4,2016-05-24T15:26:03
84,2016-05-24,13.0,天然地震,26.11,99.58,ML0.8,云南,15:17:31,0.8,2016-05-24T15:17:31
85,2016-05-24,5.0,天然地震,28.36,104.62,ML0.9,四川,14:24:14,0.9,2016-05-24T14:24:14
86,2016-05-24,8.0,天然地震,26.06,99.58,ML0.9,云南,14:12:55,0.9,2016-05-24T14:12:55
87,2016-05-24,13.0,天然地震,26.07,99.56,ML2.1,云南,14:12:02,2.1,2016-05-24T14:12:02
88,2016-05-24,8.0,天然地震,44.01,83.18,ML0.9,新疆,14:10:49,0.9,2016-05-24T14:10:49
89,2016-05-24,6.0,天然地震,40.36,77.24,ML1.9,新疆,14:01:26,1.9,2016-05-24T14:01:26
90,2016-05-24,8.0,天然地震,26.11,99.6,ML0.5,云南,13:45:40,0.5,2016-05-24T13:45:40
91,2016-05-24,5.0,天然地震,26.1,99.61,ML0.4,云南,13:40:35,0.4,2016-05-24T13:40:35
92,2016-05-24,3.0,天然地震,28.96,103.79,ML1.3,四川,13:38:46,1.3,2016-05-24T13:38:46
93,2016-05-24,7.0,天然地震,37.36,115.0,ML0.6,河北,13:33:52,0.6,2016-05-24T13:33:52
94,2016-05-24,7.0,天然地震,31.91,95.11,ML2.3,西藏,13:30:30,2.3,2016-05-24T13:30:30
95,2016-05-24,5.0,天然地震,26.01,98.99,ML1.1,云南,13:28:40,1.1,2016-05-24T13:28:40
96,2016-05-24,8.0,天然地震,26.08,99.62,ML0.5,云南,13:13:49,0.5,2016-05-24T13:13:49
97,2016-05-24,12.0,天然地震,26.07,99.56,ML0.5,云南,13:03:58,0.5,2016-05-24T13:03:58
98,2016-05-24,12.0,天然地震,26.07,99.56,ML0.9,云南,12:55:18,0.9,2016-05-24T12:55:18
99,2016-05-24,7.0,天然地震,26.1,99.61,ML0.4,云南,12:52:43,0.4,2016-05-24T12:52:43
100,2016-05-24,13.0,天然地震,26.08,99.56,ML0.6,云南,12:47:50,0.6,2016-05-24T12:47:50
101,2016-05-24,13.0,天然地震,26.1,99.56,ML0.6,云南,12:39:17,0.6,2016-05-24T12:39:17
102,2016-05-24,21.0,天然地震,39.68,118.34,ML2.7,河北,12:35:20,2.7,2016-05-24T12:35:20
103,2016-05-24,5.0,天然地震,27.94,101.14,ML1.4,四川,12:24:15,1.4,2016-05-24T12:24:15
104,2016-05-24,13.0,天然地震,26.09,99.58,ML0.0,云南,12:07:50,0.0,2016-05-24T12:07:50
105,2016-05-24,5.0,天然地震,40.49,113.29,ML1.1,内蒙,12:04:08,1.1,2016-05-24T12:04:08
106,2016-05-24,17.0,天然地震,40.45,113.32,ML1.2,内蒙,12:04:07,1.2,2016-05-24T12:04:07
107,2016-05-24,5.0,天然地震,28.38,104.78,ML1.5,四川,12:03:24,1.5,2016-05-24T12:03:24
108,2016-05-24,16.0,天然地震,30.97,103.51,ML2.0,四川,11:52:51,2.0,2016-05-24T11:52:51
109,2016-05-24,11.0,天然地震,26.11,99.57,ML1.3,云南,11:30:13,1.3,2016-05-24T11:30:13
110,2016-05-24,5.0,天然地震,32.3,104.9,ML1.4,四川,11:15:57,1.4,2016-05-24T11:15:57
111,2016-05-24,10.0,天然地震,26.09,99.59,ML1.3,云南,11:15:37,1.3,2016-05-24T11:15:37
112,2016-05-24,7.0,天然地震,23.92,114.47,ML0.4,广东,11:12:24,0.4,2016-05-24T11:12:24
113,2016-05-24,5.0,天然地震,26.1,99.57,ML1.1,云南,11:08:22,1.1,2016-05-24T11:08:22
114,2016-05-24,8.0,天然地震,31.05,109.72,ML1.6,重庆,10:56:22,1.6,2016-05-24T10:56:22
115,2016-05-24,7.0,天然地震,28.39,104.72,ML0.7,四川,10:50:26,0.7,2016-05-24T10:50:26
116,2016-05-24,6.0,天然地震,40.67,122.82,ML2.2,辽宁,10:13:54,2.2,2016-05-24T10:13:54
117,2016-05-24,10.0,天然地震,36.86,121.66,ML0.5,山东,09:49:25,0.5,2016-05-24T09:49:25
118,2016-05-24,7.0,天然地震,40.32,77.14,ML1.5,新疆,09:40:46,1.5,2016-05-24T09:40:46
119,2016-05-24,8.0,天然地震,37.3,92.73,ML2.2,青海,09:29:24,2.2,2016-05-24T09:29:24
120,2016-05-24,13.0,天然地震,31.59,104.25,ML1.1,四川,09:26:18,1.1,2016-05-24T09:26:18
121,2016-05-24,10.0,天然地震,26.14,99.55,ML0.3,云南,09:25:07,0.3,2016-05-24T09:25:07
122,2016-05-24,15.0,天然地震,39.7,118.63,ML1.3,河北,09:05:46,1.3,2016-05-24T09:05:46
123,2016-05-24,10.0,天然地震,37.36,92.87,ML3.6,青海,08:56:14,3.6,2016-05-24T08:56:14
124,2016-05-24,16.0,天然地震,25.99,99.02,ML1.4,云南,08:51:17,1.4,2016-05-24T08:51:17
125,2016-05-24,13.0,天然地震,29.01,102.25,ML2.3,四川,08:39:18,2.3,2016-05-24T08:39:18
126,2016-05-24,13.0,天然地震,26.01,99.01,ML2.3,云南,08:38:12,2.3,2016-05-24T08:38:12
127,2016-05-24,14.0,天然地震,24.43,118.02,ML2.7,福建,08:36:35,2.7,2016-05-24T08:36:35
128,2016-05-24,16.0,天然地震,25.98,98.99,ML1.9,云南,08:35:31,1.9,2016-05-24T08:35:31
129,2016-05-24,7.0,天然地震,39.9,105.98,ML2.1,内蒙,08:33:26,2.1,2016-05-24T08:33:26
130,2016-05-24,5.0,天然地震,28.57,103.26,ML1.3,四川,08:16:58,1.3,2016-05-24T08:16:58
131,2016-05-24,15.0,天然地震,26.09,99.54,ML0.4,云南,07:47:56,0.4,2016-05-24T07:47:56
132,2016-05-24,5.0,天然地震,27.12,103.43,ML1.4,云南,07:41:02,1.4,2016-05-24T07:41:02
133,2016-05-24,5.0,天然地震,26.04,99.0,ML0.9,云南,07:35:24,0.9,2016-05-24T07:35:24
134,2016-05-24,10.0,天然地震,28.84,87.33,ML2.1,西藏,07:33:08,2.1,2016-05-24T07:33:08
135,2016-05-24,7.0,天然地震,37.65,101.64,ML0.9,青海,07:20:53,0.9,2016-05-24T07:20:53
136,2016-05-24,11.0,天然地震,25.26,99.91,ML1.2,云南,07:06:25,1.2,2016-05-24T07:06:25
137,2016-05-24,9.0,天然地震,25.27,99.92,ML1.8,云南,07:05:49,1.8,2016-05-24T07:05:49
138,2016-05-24,14.0,天然地震,40.56,115.15,ML1.4,河北,07:00:54,1.4,2016-05-24T07:00:54
139,2016-05-24,14.0,天然地震,40.56,115.16,ML1.4,河北,07:00:54,1.4,2016-05-24T07:00:54
140,2016-05-24,17.0,天然地震,40.58,115.15,ML1.2,河北,07:00:53,1.2,2016-05-24T07:00:53
141,2016-05-24,14.0,天然地震,30.29,103.01,ML1.8,四川,06:55:39,1.8,2016-05-24T06:55:39
142,2016-05-24,4.0,天然地震,26.1,99.59,ML0.7,云南,06:53:15,0.7,2016-05-24T06:53:15
143,2016-05-24,11.0,天然地震,26.11,99.57,ML1.3,云南,06:51:20,1.3,2016-05-24T06:51:20
144,2016-05-24,11.0,天然地震,26.1,99.57,ML0.5,云南,06:47:49,0.5,2016-05-24T06:47:49
145,2016-05-24,5.0,天然地震,25.99,98.56,ML0.8,缅甸,06:45:58,0.8,2016-05-24T06:45:58
146,2016-05-24,9.0,天然地震,28.84,87.31,ML2.1,西藏,06:38:08,2.1,2016-05-24T06:38:08
147,2016-05-24,12.0,天然地震,40.31,116.93,ML1.1,北京,06:12:23,1.1,2016-05-24T06:12:23
148,2016-05-24,17.0,天然地震,40.31,116.92,ML1.2,北京,06:12:22,1.2,2016-05-24T06:12:22
149,2016-05-24,17.0,天然地震,40.31,116.92,ML1.5,北京,06:12:22,1.5,2016-05-24T06:12:22
150,2016-05-24,5.0,天然地震,39.6,74.82,ML1.5,新疆,06:03:42,1.5,2016-05-24T06:03:42
151,2016-05-24,5.0,天然地震,26.02,99.0,ML1.0,云南,06:01:03,1.0,2016-05-24T06:01:03
152,2016-05-24,12.0,天然地震,37.55,112.74,ML1.0,山西,05:58:33,1.0,2016-05-24T05:58:33
153,2016-05-24,6.0,天然地震,25.25,97.95,ML1.9,云南,05:20:01,1.9,2016-05-24T05:20:01
154,2016-05-24,5.0,天然地震,23.66,100.42,ML0.9,云南,05:13:28,0.9,2016-05-24T05:13:28
155,2016-05-24,6.0,天然地震,40.68,122.79,ML1.1,辽宁,05:09:24,1.1,2016-05-24T05:09:24
156,2016-05-24,15.0,天然地震,29.01,102.24,ML0.8,四川,05:02:37,0.8,2016-05-24T05:02:37
157,2016-05-24,5.0,天然地震,32.38,105.15,ML0.2,四川,04:48:14,0.2,2016-05-24T04:48:14
158,2016-05-24,12.0,天然地震,32.36,105.08,ML1.0,四川,04:44:21,1.0,2016-05-24T04:44:21
159,2016-05-24,3.0,天然地震,28.41,87.58,ML2.1,西藏,04:36:04,2.1,2016-05-24T04:36:04
160,2016-05-24,14.0,天然地震,30.3,103.01,ML1.1,四川,04:24:04,1.1,2016-05-24T04:24:04
161,2016-05-24,7.0,天然地震,29.58,104.44,ML1.4,四川,04:01:34,1.4,2016-05-24T04:01:34
162,2016-05-24,8.0,天然地震,23.65,100.4,ML1.2,云南,04:00:09,1.2,2016-05-24T04:00:09
163,2016-05-24,6.0,天然地震,25.18,99.21,ML0.6,云南,03:56:57,0.6,2016-05-24T03:56:57
164,2016-05-24,4.0,天然地震,26.12,99.58,ML0.4,云南,03:44:55,0.4,2016-05-24T03:44:55
165,2016-05-24,12.0,天然地震,26.11,99.57,ML0.8,云南,03:37:11,0.8,2016-05-24T03:37:11
166,2016-05-24,16.0,天然地震,23.3,117.38,ML0.5,广东,03:34:15,0.5,2016-05-24T03:34:15
167,2016-05-24,16.0,天然地震,23.3,117.39,ML0.5,广东,03:34:14,0.5,2016-05-24T03:34:14
168,2016-05-24,10.0,天然地震,31.77,104.22,ML0.6,四川,03:20:47,0.6,2016-05-24T03:20:47
169,2016-05-24,8.0,天然地震,26.1,99.58,ML1.1,云南,03:16:39,1.1,2016-05-24T03:16:39
170,2016-05-24,7.0,天然地震,27.89,85.17,ML4.1,尼泊,03:09:56,4.1,2016-05-24T03:09:56
171,2016-05-24,7.0,天然地震,41.89,121.99,ML1.4,辽宁,03:03:01,1.4,2016-05-24T03:03:01
172,2016-05-24,8.0,天然地震,23.73,114.7,ML1.3,广东,02:50:07,1.3,2016-05-24T02:50:07
173,2016-05-24,12.0,天然地震,26.1,99.58,ML0.3,云南,02:35:45,0.3,2016-05-24T02:35:45
174,2016-05-24,16.0,天然地震,29.0,102.26,ML0.5,四川,02:34:54,0.5,2016-05-24T02:34:54
175,2016-05-24,11.0,天然地震,26.01,99.01,ML2.3,云南,02:32:37,2.3,2016-05-24T02:32:37
176,2016-05-24,7.0,天然地震,28.61,87.51,ML2.7,西藏,02:30:22,2.7,2016-05-24T02:30:22
177,2016-05-24,11.0,天然地震,26.11,99.59,ML0.6,云南,02:30:21,0.6,2016-05-24T02:30:21
178,2016-05-24,8.0,天然地震,26.0,99.01,ML0.9,云南,02:30:18,0.9,2016-05-24T02:30:18
179,2016-05-24,10.0,天然地震,28.94,103.79,ML1.1,四川,02:29:22,1.1,2016-05-24T02:29:22
180,2016-05-24,6.0,天然地震,43.84,87.51,ML1.4,新疆,02:17:44,1.4,2016-05-24T02:17:44
181,2016-05-24,8.0,天然地震,46.83,90.24,ML0.5,新疆,02:16:03,0.5,2016-05-24T02:16:03
182,2016-05-24,7.0,天然地震,28.46,87.59,ML4.2,西藏,02:09:01,4.2,2016-05-24T02:09:01
183,2016-05-24,14.0,天然地震,23.34,117.46,ML1.1,福建,02:06:46,1.1,2016-05-24T02:06:46
184,2016-05-24,6.0,天然地震,26.06,99.6,ML0.1,云南,02:04:42,0.1,2016-05-24T02:04:42
185,2016-05-24,2.0,天然地震,28.65,103.68,ML1.5,四川,02:03:43,1.5,2016-05-24T02:03:43
186,2016-05-24,21.0,天然地震,28.65,103.62,ML1.3,四川,02:03:41,1.3,2016-05-24T02:03:41
187,2016-05-24,2.0,天然地震,28.65,103.69,ML2.2,四川,01:59:03,2.2,2016-05-24T01:59:03
188,2016-05-24,16.0,天然地震,28.65,103.68,ML2.1,四川,01:59:02,2.1,2016-05-24T01:59:02
189,2016-05-24,10.0,天然地震,37.56,102.61,ML0.8,甘肃,01:55:30,0.8,2016-05-24T01:55:30
190,2016-05-24,14.0,天然地震,26.13,99.57,ML0.2,云南,01:45:25,0.2,2016-05-24T01:45:25
191,2016-05-24,12.0,天然地震,27.98,101.06,ML1.4,四川,01:31:12,1.4,2016-05-24T01:31:12
192,2016-05-24,9.0,天然地震,47.1,129.73,ML0.7,黑龙,01:24:50,0.7,2016-05-24T01:24:50
193,2016-05-24,9.0,天然地震,32.5,105.13,ML0.1,四川,01:19:43,0.1,2016-05-24T01:19:43
194,2016-05-24,12.0,天然地震,26.09,99.57,ML1.0,云南,01:10:45,1.0,2016-05-24T01:10:45
195,2016-05-24,17.0,天然地震,24.27,98.63,ML1.0,云南,00:58:39,1.0,2016-05-24T00:58:39
196,2016-05-24,11.0,天然地震,25.39,117.74,ML1.3,福建,00:56:41,1.3,2016-05-24T00:56:41
197,2016-05-24,11.0,天然地震,26.09,99.57,ML0.3,云南,00:53:00,0.3,2016-05-24T00:53:00
198,2016-05-24,2.0,天然地震,28.51,101.17,ML0.9,四川,00:48:59,0.9,2016-05-24T00:48:59
199,2016-05-24,8.0,天然地震,25.64,118.73,ML0.4,福建,00:48:20,0.4,2016-05-24T00:48:20
200,2016-05-24,10.0,天然地震,23.42,115.62,ML1.2,广东,00:44:59,1.2,2016-05-24T00:44:59
201,2016-05-24,10.0,天然地震,26.08,99.58,ML1.4,云南,00:37:57,1.4,2016-05-24T00:37:57
202,2016-05-24,5.0,天然地震,40.51,123.15,ML1.6,辽宁,00:12:19,1.6,2016-05-24T00:12:19
203,2016-05-24,10.0,天然地震,26.08,99.58,ML0.1,云南,00:01:49,0.1,2016-05-24T00:01:49
204,2016-05-23,6.0,天然地震,23.3,103.21,ML1.7,云南,23:43:52,1.7,2016-05-23T23:43:52
205,2016-05-23,8.0,天然地震,39.82,118.76,ML0.5,河北,23:43:33,0.5,2016-05-23T23:43:33
206,2016-05-23,6.0,天然地震,39.6,76.93,ML1.4,新疆,23:36:25,1.4,2016-05-23T23:36:25
207,2016-05-23,9.0,天然地震,38.14,99.41,ML1.8,青海,23:28:45,1.8,2016-05-23T23:28:45
208,2016-05-23,10.0,天然地震,38.12,99.4,ML2.1,青海,23:27:51,2.1,2016-05-23T23:27:51
209,2016-05-23,19.0,天然地震,38.51,102.02,ML1.8,甘肃,23:19:34,1.8,2016-05-23T23:19:34
210,2016-05-23,10.0,天然地震,38.13,99.4,ML1.0,青海,23:19:02,1.0,2016-05-23T23:19:02
211,2016-05-23,10.0,天然地震,26.09,99.57,ML0.5,云南,23:18:36,0.5,2016-05-23T23:18:36
212,2016-05-23,15.0,天然地震,26.11,99.57,ML0.3,云南,23:17:21,0.3,2016-05-23T23:17:21
213,2016-05-23,5.0,天然地震,26.08,99.61,ML0.1,云南,23:15:56,0.1,2016-05-23T23:15:56
214,2016-05-23,10.0,天然地震,26.11,99.58,ML0.3,云南,23:15:22,0.3,2016-05-23T23:15:22
215,2016-05-23,4.0,天然地震,37.67,113.67,ML0.3,山西,23:00:43,0.3,2016-05-23T23:00:43
216,2016-05-23,8.0,天然地震,26.2,99.74,ML0.8,云南,22:54:11,0.8,2016-05-23T22:54:11
217,2016-05-23,5.0,天然地震,26.1,99.59,ML1.0,云南,22:17:05,1.0,2016-05-23T22:17:05
218,2016-05-23,6.0,天然地震,26.02,99.0,ML0.5,云南,22:14:59,0.5,2016-05-23T22:14:59
219,2016-05-23,11.0,天然地震,26.1,99.59,ML0.3,云南,22:12:20,0.3,2016-05-23T22:12:20
220,2016-05-23,6.0,天然地震,40.37,95.8,ML1.7,甘肃,22:08:35,1.7,2016-05-23T22:08:35
221,2016-05-23,6.0,天然地震,23.3,103.04,ML2.2,云南,22:03:37,2.2,2016-05-23T22:03:37
222,2016-05-23,16.0,天然地震,32.18,104.63,ML0.6,四川,22:01:05,0.6,2016-05-23T22:01:05
223,2016-05-23,8.0,天然地震,26.1,99.59,ML1.2,云南,21:59:03,1.2,2016-05-23T21:59:03
224,2016-05-23,14.0,天然地震,26.1,99.57,ML0.1,云南,21:54:35,0.1,2016-05-23T21:54:35
225,2016-05-23,8.0,天然地震,40.7,122.65,ML0.5,辽宁,21:46:49,0.5,2016-05-23T21:46:49
226,2016-05-23,6.0,天然地震,28.84,87.34,ML3.0,西藏,21:44:13,3.0,2016-05-23T21:44:13
227,2016-05-23,11.0,天然地震,26.1,99.59,ML0.7,云南,21:43:35,0.7,2016-05-23T21:43:35
228,2016-05-23,6.0,天然地震,27.82,100.72,ML1.1,四川,21:40:22,1.1,2016-05-23T21:40:22
229,2016-05-23,7.0,天然地震,43.92,87.51,ML1.5,新疆,21:36:05,1.5,2016-05-23T21:36:05
230,2016-05-23,7.0,天然地震,43.94,87.54,ML2.9,新疆,21:25:10,2.9,2016-05-23T21:25:10
231,2016-05-23,12.0,天然地震,26.11,99.57,ML0.6,云南,21:25:02,0.6,2016-05-23T21:25:02
232,2016-05-23,11.0,天然地震,26.11,99.57,ML1.1,云南,21:18:28,1.1,2016-05-23T21:18:28
233,2016-05-23,8.0,天然地震,23.73,114.7,ML1.3,广东,21:11:34,1.3,2016-05-23T21:11:34
234,2016-05-23,7.0,天然地震,31.91,95.06,ML3.3,西藏,21:01:20,3.3,2016-05-23T21:01:20
235,2016-05-23,5.0,天然地震,26.19,99.74,ML1.5,云南,20:57:36,1.5,2016-05-23T20:57:36
236,2016-05-23,10.0,天然地震,23.32,103.04,ML2.4,云南,20:54:35,2.4,2016-05-23T20:54:35
237,2016-05-23,9.0,天然地震,27.93,101.15,ML2.1,四川,20:39:22,2.1,2016-05-23T20:39:22
238,2016-05-23,7.0,天然地震,26.09,99.59,ML0.5,云南,20:38:12,0.5,2016-05-23T20:38:12
239,2016-05-23,5.0,天然地震,48.2,86.83,ML0.6,新疆,20:37:19,0.6,2016-05-23T20:37:19
240,2016-05-23,9.0,天然地震,26.11,99.6,ML0.2,云南,20:36:48,0.2,2016-05-23T20:36:48
241,2016-05-23,12.0,天然地震,26.01,99.0,ML1.3,云南,20:33:47,1.3,2016-05-23T20:33:47
242,2016-05-23,5.0,天然地震,28.51,87.51,ML3.3,西藏,20:33:19,3.3,2016-05-23T20:33:19
243,2016-05-23,7.0,天然地震,39.28,97.91,ML1.3,甘肃,20:32:44,1.3,2016-05-23T20:32:44
244,2016-05-23,4.0,天然地震,28.31,104.86,ML2.2,四川,20:31:53,2.2,2016-05-23T20:31:53
245,2016-05-23,21.0,天然地震,39.26,112.45,ML0.9,山西,20:21:55,0.9,2016-05-23T20:21:55
246,2016-05-23,7.0,天然地震,40.31,75.58,ML1.3,新疆,20:05:14,1.3,2016-05-23T20:05:14
247,2016-05-23,18.0,天然地震,25.99,99.0,ML0.7,云南,19:54:55,0.7,2016-05-23T19:54:55
248,2016-05-23,6.0,天然地震,25.99,99.02,ML0.7,云南,19:53:22,0.7,2016-05-23T19:53:22
249,2016-05-23,6.0,天然地震,40.66,122.85,ML1.6,辽宁,19:50:27,1.6,2016-05-23T19:50:27
250,2016-05-23,2.0,天然地震,31.72,104.25,ML1.3,四川,19:49:47,1.3,2016-05-23T19:49:47
251,2016-05-23,15.0,天然地震,26.01,99.01,ML2.2,云南,19:49:00,2.2,2016-05-23T19:49:00
252,2016-05-23,7.0,天然地震,36.88,103.67,ML1.4,甘肃,19:44:27,1.4,2016-05-23T19:44:27
253,2016-05-23,6.0,天然地震,25.56,110.65,ML1.0,广西,19:40:32,1.0,2016-05-23T19:40:32
254,2016-05-23,5.0,天然地震,29.62,101.96,ML1.8,四川,19:37:00,1.8,2016-05-23T19:37:00
255,2016-05-23,9.0,天然地震,26.11,99.58,ML1.8,云南,19:21:32,1.8,2016-05-23T19:21:32
256,2016-05-23,2.0,天然地震,32.51,105.2,ML1.3,四川,19:10:13,1.3,2016-05-23T19:10:13
257,2016-05-23,22.0,天然地震,38.91,103.7,ML2.3,甘肃,19:04:44,2.3,2016-05-23T19:04:44
258,2016-05-23,7.0,天然地震,47.0,88.19,ML1.1,新疆,19:01:26,1.1,2016-05-23T19:01:26
259,2016-05-23,16.0,天然地震,31.89,104.34,ML1.4,四川,18:57:57,1.4,2016-05-23T18:57:57
260,2016-05-23,20.0,天然地震,31.48,104.18,ML2.0,四川,18:53:53,2.0,2016-05-23T18:53:53
261,2016-05-23,6.0,天然地震,28.95,87.24,ML2.7,西藏,18:52:13,2.7,2016-05-23T18:52:13
262,2016-05-23,4.0,天然地震,31.41,116.88,ML1.1,安徽,18:50:55,1.1,2016-05-23T18:50:55
263,2016-05-23,14.0,天然地震,30.99,102.26,ML2.8,四川,18:49:03,2.8,2016-05-23T18:49:03
264,2016-05-23,6.0,天然地震,48.55,122.77,ML1.7,内蒙,18:46:51,1.7,2016-05-23T18:46:51
265,2016-05-23,6.0,天然地震,23.36,104.22,ML1.6,云南,18:40:46,1.6,2016-05-23T18:40:46
266,2016-05-23,7.0,天然地震,35.89,110.51,ML1.4,山西,18:38:27,1.4,2016-05-23T18:38:27
267,2016-05-23,15.0,天然地震,26.16,100.54,ML0.8,云南,18:25:18,0.8,2016-05-23T18:25:18
268,2016-05-23,11.0,天然地震,26.11,99.57,ML0.9,云南,18:08:33,0.9,2016-05-23T18:08:33
269,2016-05-23,7.0,天然地震,36.5,102.25,ML1.9,青海,18:02:08,1.9,2016-05-23T18:02:08
270,2016-05-23,5.0,天然地震,26.09,99.58,ML1.3,云南,18:01:42,1.3,2016-05-23T18:01:42
271,2016-05-23,13.0,天然地震,26.12,99.58,ML0.7,云南,17:35:33,0.7,2016-05-23T17:35:33
272,2016-05-23,8.0,天然地震,37.52,112.36,ML1.3,山西,17:33:49,1.3,2016-05-23T17:33:49
273,2016-05-23,8.0,天然地震,26.08,99.61,ML0.4,云南,17:25:56,0.4,2016-05-23T17:25:56
274,2016-05-23,10.0,天然地震,26.11,99.57,ML1.2,云南,17:22:47,1.2,2016-05-23T17:22:47
275,2016-05-23,12.0,天然地震,26.11,99.57,ML1.2,云南,17:22:31,1.2,2016-05-23T17:22:31
276,2016-05-23,3.0,天然地震,36.32,102.81,ML1.3,青海,17:10:51,1.3,2016-05-23T17:10:51
277,2016-05-23,7.0,天然地震,26.1,99.58,ML0.7,云南,17:06:08,0.7,2016-05-23T17:06:08
278,2016-05-23,16.0,天然地震,37.02,112.23,ML1.9,山西,16:58:46,1.9,2016-05-23T16:58:46
279,2016-05-23,13.0,天然地震,26.1,99.58,ML1.1,云南,16:52:20,1.1,2016-05-23T16:52:20
280,2016-05-23,6.0,天然地震,43.78,114.75,ML2.7,内蒙,16:45:47,2.7,2016-05-23T16:45:47
281,2016-05-23,8.0,天然地震,26.08,99.57,ML0.3,云南,16:45:46,0.3,2016-05-23T16:45:46
282,2016-05-23,13.0,天然地震,26.12,99.55,ML0.2,云南,16:42:52,0.2,2016-05-23T16:42:52
283,2016-05-23,8.0,天然地震,26.1,99.58,ML1.5,云南,16:41:17,1.5,2016-05-23T16:41:17
284,2016-05-23,6.0,天然地震,36.82,85.01,ML2.4,新疆,16:38:55,2.4,2016-05-23T16:38:55
285,2016-05-23,12.0,天然地震,26.11,99.57,ML1.0,云南,16:30:51,1.0,2016-05-23T16:30:51
286,2016-05-23,13.0,天然地震,26.11,99.57,ML1.0,云南,16:29:41,1.0,2016-05-23T16:29:41
287,2016-05-23,12.0,天然地震,26.11,99.57,ML1.3,云南,16:29:35,1.3,2016-05-23T16:29:35
288,2016-05-23,10.0,天然地震,26.1,99.57,ML1.8,云南,16:28:39,1.8,2016-05-23T16:28:39
289,2016-05-23,6.0,天然地震,26.08,99.59,ML0.4,云南,16:21:33,0.4,2016-05-23T16:21:33
290,2016-05-23,11.0,天然地震,26.11,99.57,ML1.2,云南,16:21:03,1.2,2016-05-23T16:21:03
291,2016-05-23,12.0,天然地震,26.11,99.57,ML0.4,云南,16:19:50,0.4,2016-05-23T16:19:50
292,2016-05-23,11.0,天然地震,26.1,99.58,ML1.1,云南,16:18:25,1.1,2016-05-23T16:18:25
293,2016-05-23,7.0,天然地震,32.42,105.17,ML1.8,四川,16:10:07,1.8,2016-05-23T16:10:07
294,2016-05-23,10.0,天然地震,27.06,102.11,ML1.3,四川,16:03:32,1.3,2016-05-23T16:03:32
295,2016-05-23,7.0,天然地震,31.88,94.86,ML3.1,西藏,15:54:51,3.1,2016-05-23T15:54:51
296,2016-05-23,10.0,天然地震,26.11,99.58,ML0.1,云南,15:52:15,0.1,2016-05-23T15:52:15
297,2016-05-23,12.0,天然地震,26.1,99.58,ML1.0,云南,15:48:31,1.0,2016-05-23T15:48:31
298,2016-05-23,13.0,天然地震,26.14,99.55,ML0.4,云南,15:41:03,0.4,2016-05-23T15:41:03
299,2016-05-23,11.0,天然地震,25.99,99.0,ML0.8,云南,15:37:44,0.8,2016-05-23T15:37:44
300,2016-05-23,11.0,天然地震,26.09,99.59,ML0.1,云南,15:17:41,0.1,2016-05-23T15:17:41
301,2016-05-23,6.0,天然地震,43.97,82.63,ML1.6,新疆,15:07:22,1.6,2016-05-23T15:07:22
302,2016-05-23,7.0,天然地震,48.04,86.86,ML2.0,新疆,14:52:00,2.0,2016-05-23T14:52:00
303,2016-05-23,22.0,天然地震,23.53,117.28,ML0.5,福建,14:37:36,0.5,2016-05-23T14:37:36
304,2016-05-23,9.0,天然地震,37.61,101.64,ML2.0,青海,14:31:43,2.0,2016-05-23T14:31:43
305,2016-05-23,10.0,天然地震,37.52,96.12,ML2.1,青海,14:21:40,2.1,2016-05-23T14:21:40
306,2016-05-23,10.0,天然地震,26.12,99.6,ML0.6,云南,14:15:39,0.6,2016-05-23T14:15:39
307,2016-05-23,7.0,天然地震,26.09,99.6,ML0.2,云南,14:07:54,0.2,2016-05-23T14:07:54
308,2016-05-23,8.0,天然地震,46.27,90.43,ML0.7,新疆,14:05:30,0.7,2016-05-23T14:05:30
309,2016-05-23,13.0,天然地震,26.14,99.56,ML0.2,云南,13:51:46,0.2,2016-05-23T13:51:46
310,2016-05-23,13.0,天然地震,27.92,101.17,ML3.9,四川,13:47:45,3.9,2016-05-23T13:47:45
311,2016-05-23,2.0,天然地震,28.65,103.69,ML1.5,四川,13:38:12,1.5,2016-05-23T13:38:12
312,2016-05-23,5.0,天然地震,26.19,100.59,ML1.4,云南,13:25:51,1.4,2016-05-23T13:25:51
313,2016-05-23,6.0,天然地震,21.94,100.4,ML1.7,云南,13:24:41,1.7,2016-05-23T13:24:41
314,2016-05-23,9.0,天然地震,23.73,114.7,ML0.1,广东,13:21:21,0.1,2016-05-23T13:21:21
315,2016-05-23,7.0,天然地震,43.52,85.23,ML1.3,新疆,13:12:51,1.3,2016-05-23T13:12:51
316,2016-05-23,7.0,天然地震,27.57,100.68,ML1.4,云南,13:04:15,1.4,2016-05-23T13:04:15
317,2016-05-23,9.0,天然地震,36.91,97.23,ML1.4,青海,12:26:17,1.4,2016-05-23T12:26:17
318,2016-05-23,8.0,天然地震,26.08,99.61,ML0.5,云南,12:09:12,0.5,2016-05-23T12:09:12
319,2016-05-23,5.0,天然地震,26.82,102.62,ML1.3,四川,12:08:07,1.3,2016-05-23T12:08:07
320,2016-05-23,11.0,天然地震,23.36,117.45,ML0.7,福建,12:03:52,0.7,2016-05-23T12:03:52
321,2016-05-23,11.0,天然地震,31.36,103.37,ML1.9,四川,12:00:33,1.9,2016-05-23T12:00:33
322,2016-05-23,10.0,天然地震,25.07,105.28,ML2.0,贵州,11:58:24,2.0,2016-05-23T11:58:24
323,2016-05-23,19.0,天然地震,33.12,104.4,ML1.5,甘肃,11:51:39,1.5,2016-05-23T11:51:39
324,2016-05-23,7.0,天然地震,26.07,99.61,ML0.2,云南,11:48:15,0.2,2016-05-23T11:48:15
325,2016-05-23,15.0,天然地震,28.19,104.88,ML1.0,四川,11:46:52,1.0,2016-05-23T11:46:52
326,2016-05-23,7.0,天然地震,47.03,89.96,ML0.3,新疆,11:45:51,0.3,2016-05-23T11:45:51
327,2016-05-23,2.0,天然地震,28.59,103.68,ML1.5,四川,11:45:26,1.5,2016-05-23T11:45:26
328,2016-05-23,9.0,天然地震,26.1,99.58,ML0.3,云南,11:24:36,0.3,2016-05-23T11:24:36
329,2016-05-23,9.0,天然地震,26.11,99.58,ML1.6,云南,11:13:07,1.6,2016-05-23T11:13:07
330,2016-05-23,10.0,天然地震,31.8,104.57,ML1.1,四川,11:09:27,1.1,2016-05-23T11:09:27
331,2016-05-23,6.0,天然地震,28.31,87.63,ML3.4,西藏,11:03:51,3.4,2016-05-23T11:03:51
332,2016-05-23,10.0,天然地震,31.8,104.49,ML0.8,四川,11:01:10,0.8,2016-05-23T11:01:10
333,2016-05-23,5.0,天然地震,24.36,98.71,ML1.9,云南,11:00:36,1.9,2016-05-23T11:00:36
334,2016-05-23,13.0,天然地震,25.26,99.85,ML1.1,云南,10:58:50,1.1,2016-05-23T10:58:50
335,2016-05-23,11.0,天然地震,26.06,99.57,ML1.1,云南,10:57:56,1.1,2016-05-23T10:57:56
336,2016-05-23,2.0,天然地震,32.36,104.92,ML1.2,四川,10:57:05,1.2,2016-05-23T10:57:05
337,2016-05-23,15.0,天然地震,40.29,115.41,ML1.1,河北,10:45:27,1.1,2016-05-23T10:45:27
338,2016-05-23,5.0,天然地震,26.09,99.6,ML0.4,云南,10:44:46,0.4,2016-05-23T10:44:46
339,2016-05-23,20.0,天然地震,34.31,104.83,ML1.4,甘肃,10:39:10,1.4,2016-05-23T10:39:10
340,2016-05-23,19.0,天然地震,26.53,100.68,ML0.7,云南,10:32:20,0.7,2016-05-23T10:32:20
341,2016-05-23,5.0,天然地震,26.09,99.57,ML1.2,云南,10:26:22,1.2,2016-05-23T10:26:22
342,2016-05-23,4.0,天然地震,28.46,87.58,ML2.4,西藏,10:19:12,2.4,2016-05-23T10:19:12
343,2016-05-23,5.0,天然地震,26.08,99.61,ML0.9,云南,10:17:53,0.9,2016-05-23T10:17:53
344,2016-05-23,3.0,天然地震,25.7,101.86,ML1.3,云南,09:56:19,1.3,2016-05-23T09:56:19
345,2016-05-23,6.0,天然地震,28.89,87.28,ML2.7,西藏,09:51:43,2.7,2016-05-23T09:51:43
346,2016-05-23,6.0,天然地震,28.19,104.88,ML2.0,四川,09:02:59,2.0,2016-05-23T09:02:59
347,2016-05-23,7.0,天然地震,26.07,99.61,ML0.1,云南,09:00:22,0.1,2016-05-23T09:00:22
348,2016-05-23,16.0,天然地震,26.09,99.54,ML0.5,云南,08:43:58,0.5,2016-05-23T08:43:58
349,2016-05-23,19.0,天然地震,31.57,104.03,ML2.9,四川,08:43:32,2.9,2016-05-23T08:43:32
350,2016-05-23,10.0,天然地震,26.11,99.57,ML1.2,云南,08:40:52,1.2,2016-05-23T08:40:52
351,2016-05-23,14.0,天然地震,32.53,105.18,ML0.7,四川,08:25:49,0.7,2016-05-23T08:25:49
352,2016-05-23,6.0,天然地震,24.98,98.6,ML1.2,云南,08:19:32,1.2,2016-05-23T08:19:32
353,2016-05-23,11.0,天然地震,26.09,99.56,ML0.8,云南,08:18:44,0.8,2016-05-23T08:18:44
354,2016-05-23,6.0,天然地震,25.03,104.59,ML2.3,云南,08:14:00,2.3,2016-05-23T08:14:00
355,2016-05-23,7.0,天然地震,26.09,99.57,ML0.7,云南,08:13:59,0.7,2016-05-23T08:13:59
356,2016-05-23,20.0,天然地震,31.4,103.9,ML1.2,四川,08:09:41,1.2,2016-05-23T08:09:41
357,2016-05-23,1.0,天然地震,32.42,105.04,ML1.0,四川,08:08:17,1.0,2016-05-23T08:08:17
358,2016-05-23,10.0,天然地震,26.08,99.57,ML0.4,云南,08:00:48,0.4,2016-05-23T08:00:48
359,2016-05-23,4.0,天然地震,40.7,122.7,ML1.1,辽宁,07:57:45,1.1,2016-05-23T07:57:45
360,2016-05-23,5.0,天然地震,43.0,85.35,ML1.7,新疆,07:35:33,1.7,2016-05-23T07:35:33
361,2016-05-23,9.0,天然地震,23.73,114.7,ML0.4,广东,07:31:11,0.4,2016-05-23T07:31:11
362,2016-05-23,9.0,天然地震,34.95,111.84,ML1.4,河南,07:26:00,1.4,2016-05-23T07:26:00
363,2016-05-23,6.0,天然地震,34.97,111.83,ML1.3,河南,07:25:59,1.3,2016-05-23T07:25:59
364,2016-05-23,6.0,天然地震,46.13,90.22,ML0.5,新疆,07:22:44,0.5,2016-05-23T07:22:44
365,2016-05-23,10.0,天然地震,23.36,117.43,ML1.1,福建,07:21:18,1.1,2016-05-23T07:21:18
366,2016-05-23,6.0,天然地震,20.55,99.6,ML3.8,缅甸,07:19:35,3.8,2016-05-23T07:19:35
367,2016-05-23,13.0,天然地震,28.53,87.56,ML2.1,西藏,07:16:31,2.1,2016-05-23T07:16:31
368,2016-05-23,6.0,天然地震,26.08,99.6,ML0.6,云南,07:01:22,0.6,2016-05-23T07:01:22
369,2016-05-23,16.0,天然地震,31.16,103.48,ML2.1,四川,06:53:14,2.1,2016-05-23T06:53:14
370,2016-05-23,8.0,天然地震,26.25,99.4,ML0.5,云南,06:18:06,0.5,2016-05-23T06:18:06
371,2016-05-23,14.0,天然地震,29.01,102.26,ML0.8,四川,05:32:15,0.8,2016-05-23T05:32:15
372,2016-05-23,6.0,天然地震,23.36,117.44,ML0.4,福建,05:31:31,0.4,2016-05-23T05:31:31
373,2016-05-23,5.0,天然地震,23.28,103.24,ML0.6,云南,05:22:14,0.6,2016-05-23T05:22:14
374,2016-05-23,5.0,天然地震,26.1,99.56,ML0.4,云南,05:18:33,0.4,2016-05-23T05:18:33
375,2016-05-23,14.0,天然地震,29.8,99.63,ML1.3,四川,05:17:41,1.3,2016-05-23T05:17:41
376,2016-05-23,7.0,天然地震,26.07,99.57,ML0.6,云南,04:51:55,0.6,2016-05-23T04:51:55
377,2016-05-23,10.0,天然地震,26.08,99.57,ML0.5,云南,04:45:39,0.5,2016-05-23T04:45:39
378,2016-05-23,6.0,天然地震,39.91,77.13,ML2.2,新疆,04:43:58,2.2,2016-05-23T04:43:58
379,2016-05-23,4.0,天然地震,46.58,89.94,ML0.5,新疆,04:42:02,0.5,2016-05-23T04:42:02
380,2016-05-23,7.0,天然地震,39.91,77.13,ML2.5,新疆,04:33:45,2.5,2016-05-23T04:33:45
381,2016-05-23,7.0,天然地震,39.87,77.1,ML1.5,新疆,04:33:30,1.5,2016-05-23T04:33:30
382,2016-05-23,12.0,天然地震,26.09,99.56,ML0.5,云南,04:27:37,0.5,2016-05-23T04:27:37
383,2016-05-23,10.0,天然地震,37.07,103.92,ML0.5,甘肃,04:23:28,0.5,2016-05-23T04:23:28
384,2016-05-23,6.0,天然地震,43.47,83.82,ML1.4,新疆,04:04:58,1.4,2016-05-23T04:04:58
385,2016-05-23,13.0,天然地震,32.42,104.88,ML0.9,四川,04:03:45,0.9,2016-05-23T04:03:45
386,2016-05-23,12.0,天然地震,26.1,99.58,ML0.3,云南,04:02:31,0.3,2016-05-23T04:02:31
387,2016-05-23,8.0,天然地震,26.09,99.59,ML0.9,云南,03:56:30,0.9,2016-05-23T03:56:30
388,2016-05-23,6.0,天然地震,40.71,122.61,ML1.2,辽宁,03:49:39,1.2,2016-05-23T03:49:39
389,2016-05-23,9.0,天然地震,28.9,87.29,ML2.2,西藏,03:43:27,2.2,2016-05-23T03:43:27
390,2016-05-23,6.0,天然地震,33.38,111.68,ML1.8,河南,03:36:45,1.8,2016-05-23T03:36:45
391,2016-05-23,6.0,天然地震,37.61,101.59,ML1.3,青海,03:33:35,1.3,2016-05-23T03:33:35
392,2016-05-23,6.0,天然地震,33.24,104.62,ML0.1,甘肃,03:32:31,0.1,2016-05-23T03:32:31
393,2016-05-23,7.0,天然地震,24.98,98.58,ML1.3,云南,03:26:17,1.3,2016-05-23T03:26:17
394,2016-05-23,11.0,天然地震,23.3,117.39,ML1.1,广东,03:15:01,1.1,2016-05-23T03:15:01
395,2016-05-23,6.0,天然地震,40.77,120.14,ML1.9,辽宁,03:13:46,1.9,2016-05-23T03:13:46
396,2016-05-23,16.0,天然地震,29.02,102.26,ML2.3,四川,03:12:25,2.3,2016-05-23T03:12:25
397,2016-05-23,17.0,天然地震,37.12,111.99,ML0.4,山西,03:09:39,0.4,2016-05-23T03:09:39
398,2016-05-23,6.0,天然地震,39.92,77.11,ML1.3,新疆,03:05:33,1.3,2016-05-23T03:05:33
399,2016-05-23,11.0,天然地震,29.01,102.25,ML1.0,四川,02:50:53,1.0,2016-05-23T02:50:53
400,2016-05-23,6.0,天然地震,43.01,87.97,ML1.1,新疆,02:48:47,1.1,2016-05-23T02:48:47
401,2016-05-23,8.0,天然地震,40.91,77.58,ML1.0,新疆,02:43:36,1.0,2016-05-23T02:43:36
402,2016-05-23,8.0,天然地震,26.07,99.57,ML1.7,云南,02:38:04,1.7,2016-05-23T02:38:04
403,2016-05-23,8.0,天然地震,37.58,101.63,ML0.5,青海,02:26:38,0.5,2016-05-23T02:26:38
404,2016-05-23,11.0,天然地震,30.38,103.01,ML0.8,四川,02:26:08,0.8,2016-05-23T02:26:08
405,2016-05-23,15.0,天然地震,25.24,98.46,ML1.4,云南,02:21:45,1.4,2016-05-23T02:21:45
406,2016-05-23,6.0,天然地震,25.35,106.86,ML0.2,贵州,02:10:15,0.2,2016-05-23T02:10:15
407,2016-05-23,18.0,天然地震,27.22,102.79,ML1.7,四川,02:03:19,1.7,2016-05-23T02:03:19
408,2016-05-23,17.0,天然地震,37.62,102.26,ML0.6,甘肃,02:00:03,0.6,2016-05-23T02:00:03
409,2016-05-23,11.0,天然地震,28.41,87.57,ML2.7,西藏,01:58:05,2.7,2016-05-23T01:58:05
410,2016-05-23,4.0,天然地震,28.91,87.27,ML2.4,西藏,01:54:25,2.4,2016-05-23T01:54:25
411,2016-05-23,13.0,天然地震,26.08,99.59,ML0.6,云南,01:51:39,0.6,2016-05-23T01:51:39
412,2016-05-23,12.0,天然地震,26.09,99.59,ML0.4,云南,01:46:09,0.4,2016-05-23T01:46:09
413,2016-05-23,12.0,天然地震,26.09,99.59,ML0.5,云南,01:39:50,0.5,2016-05-23T01:39:50
414,2016-05-23,19.0,天然地震,29.02,102.25,ML2.8,四川,01:37:21,2.8,2016-05-23T01:37:21
415,2016-05-23,8.0,天然地震,26.1,99.58,ML0.4,云南,01:27:23,0.4,2016-05-23T01:27:23
416,2016-05-23,7.0,天然地震,26.09,99.6,ML0.2,云南,01:25:54,0.2,2016-05-23T01:25:54
417,2016-05-23,2.0,天然地震,28.1,104.41,ML0.6,云南,01:15:01,0.6,2016-05-23T01:15:01
418,2016-05-23,13.0,天然地震,23.24,117.27,ML1.0,广东,01:11:00,1.0,2016-05-23T01:11:00
419,2016-05-23,10.0,天然地震,26.08,99.56,ML0.6,云南,00:50:55,0.6,2016-05-23T00:50:55
420,2016-05-23,14.0,天然地震,30.35,102.93,ML1.0,四川,00:48:15,1.0,2016-05-23T00:48:15
421,2016-05-23,13.0,天然地震,35.69,111.4,ML1.5,山西,00:43:46,1.5,2016-05-23T00:43:46
422,2016-05-23,6.0,天然地震,27.12,102.96,ML2.1,云南,00:24:16,2.1,2016-05-23T00:24:16
423,2016-05-22,10.0,天然地震,37.06,90.25,ML1.5,新疆,23:56:21,1.5,2016-05-22T23:56:21
424,2016-05-22,6.0,天然地震,40.14,75.97,ML3.7,新疆,23:51:16,3.7,2016-05-22T23:51:16
425,2016-05-22,10.0,天然地震,26.14,99.53,ML0.9,云南,23:50:39,0.9,2016-05-22T23:50:39
426,2016-05-22,10.0,天然地震,26.09,99.59,ML0.4,云南,23:48:35,0.4,2016-05-22T23:48:35
427,2016-05-22,5.0,天然地震,26.2,100.67,ML0.9,云南,23:47:51,0.9,2016-05-22T23:47:51
428,2016-05-22,14.0,天然地震,23.24,117.27,ML1.5,广东,23:28:36,1.5,2016-05-22T23:28:36
429,2016-05-22,8.0,天然地震,37.43,94.6,ML2.0,青海,23:07:32,2.0,2016-05-22T23:07:32
430,2016-05-22,5.0,天然地震,46.64,90.07,ML0.8,新疆,23:04:42,0.8,2016-05-22T23:04:42
431,2016-05-22,14.0,天然地震,26.15,99.52,ML0.4,云南,23:03:34,0.4,2016-05-22T23:03:34
432,2016-05-22,6.0,天然地震,44.43,83.14,ML1.7,新疆,23:02:49,1.7,2016-05-22T23:02:49
433,2016-05-22,10.0,天然地震,26.12,99.58,ML0.9,云南,23:02:32,0.9,2016-05-22T23:02:32
434,2016-05-22,3.0,天然地震,29.51,104.83,ML1.3,四川,22:47:52,1.3,2016-05-22T22:47:52
435,2016-05-22,2.0,天然地震,29.57,104.84,ML1.4,四川,22:43:59,1.4,2016-05-22T22:43:59
436,2016-05-22,18.0,天然地震,36.34,111.73,ML1.5,山西,21:56:25,1.5,2016-05-22T21:56:25
437,2016-05-22,16.0,天然地震,30.94,103.24,ML1.9,四川,21:46:18,1.9,2016-05-22T21:46:18
438,2016-05-22,9.0,天然地震,26.1,99.57,ML1.1,云南,21:39:12,1.1,2016-05-22T21:39:12
439,2016-05-22,6.0,天然地震,31.93,95.02,ML2.0,西藏,20:42:55,2.0,2016-05-22T20:42:55
440,2016-05-22,10.0,天然地震,37.58,101.64,ML1.2,青海,20:21:36,1.2,2016-05-22T20:21:36
441,2016-05-22,10.0,天然地震,39.55,75.56,ML0.9,新疆,20:17:05,0.9,2016-05-22T20:17:05
442,2016-05-22,8.0,天然地震,41.63,120.07,ML1.3,辽宁,19:53:07,1.3,2016-05-22T19:53:07
443,2016-05-22,11.0,天然地震,23.24,117.28,ML0.6,广东,19:48:19,0.6,2016-05-22T19:48:19
444,2016-05-22,9.0,天然地震,33.31,106.27,ML0.5,陕西,19:44:23,0.5,2016-05-22T19:44:23
445,2016-05-22,6.0,天然地震,46.78,88.69,ML0.7,新疆,19:28:22,0.7,2016-05-22T19:28:22
446,2016-05-22,9.0,天然地震,28.18,104.87,ML1.6,四川,19:21:05,1.6,2016-05-22T19:21:05
447,2016-05-22,10.0,天然地震,39.52,75.61,ML2.1,新疆,19:15:13,2.1,2016-05-22T19:15:13
448,2016-05-22,5.0,天然地震,26.07,99.78,ML0.9,云南,19:13:37,0.9,2016-05-22T19:13:37
449,2016-05-22,5.0,天然地震,26.12,99.58,ML1.2,云南,19:12:44,1.2,2016-05-22T19:12:44
450,2016-05-22,20.0,天然地震,39.27,99.7,ML1.3,甘肃,18:57:27,1.3,2016-05-22T18:57:27
451,2016-05-22,7.0,天然地震,43.36,85.38,ML3.6,新疆,18:54:59,3.6,2016-05-22T18:54:59
452,2016-05-22,9.0,天然地震,33.34,108.06,ML0.8,陕西,18:52:13,0.8,2016-05-22T18:52:13
453,2016-05-22,1.0,天然地震,29.58,104.82,ML1.6,四川,18:38:38,1.6,2016-05-22T18:38:38
454,2016-05-22,6.0,天然地震,47.58,89.04,ML0.7,新疆,18:30:19,0.7,2016-05-22T18:30:19
455,2016-05-22,11.0,天然地震,26.08,99.56,ML1.1,云南,18:27:20,1.1,2016-05-22T18:27:20
456,2016-05-22,10.0,天然地震,26.06,99.56,ML1.4,云南,18:24:35,1.4,2016-05-22T18:24:35
457,2016-05-22,7.0,天然地震,26.07,99.56,ML2.0,云南,18:24:17,2.0,2016-05-22T18:24:17
458,2016-05-22,10.0,天然地震,26.1,99.57,ML1.1,云南,18:16:20,1.1,2016-05-22T18:16:20
459,2016-05-22,5.0,天然地震,23.48,104.46,ML1.7,云南,18:13:45,1.7,2016-05-22T18:13:45
460,2016-05-22,5.0,天然地震,32.48,105.21,ML1.1,四川,18:11:09,1.1,2016-05-22T18:11:09
461,2016-05-22,4.0,天然地震,23.72,114.6,ML0.8,广东,18:09:11,0.8,2016-05-22T18:09:11
462,2016-05-22,5.0,天然地震,28.85,87.32,ML2.7,西藏,18:07:45,2.7,2016-05-22T18:07:45
463,2016-05-22,6.0,天然地震,26.23,99.38,ML0.7,云南,17:58:53,0.7,2016-05-22T17:58:53
464,2016-05-22,11.0,天然地震,24.87,98.83,ML1.2,云南,17:33:26,1.2,2016-05-22T17:33:26
465,2016-05-22,12.0,天然地震,26.11,99.57,ML1.5,云南,17:28:00,1.5,2016-05-22T17:28:00
466,2016-05-22,15.0,天然地震,26.2,99.42,ML0.6,云南,17:23:23,0.6,2016-05-22T17:23:23
467,2016-05-22,5.0,天然地震,43.99,86.95,ML1.8,新疆,17:20:18,1.8,2016-05-22T17:20:18
468,2016-05-22,5.0,天然地震,26.21,102.94,ML1.4,云南,17:16:13,1.4,2016-05-22T17:16:13
469,2016-05-22,6.0,天然地震,41.61,120.09,ML4.5,辽宁,17:08:57,4.5,2016-05-22T17:08:57
470,2016-05-22,9.0,天然地震,41.63,120.1,ML4.8,辽宁,17:08:05,4.8,2016-05-22T17:08:05
471,2016-05-22,2.0,天然地震,29.31,105.46,ML1.7,四川,17:05:15,1.7,2016-05-22T17:05:15
472,2016-05-22,11.0,天然地震,28.19,104.88,ML1.0,四川,17:04:39,1.0,2016-05-22T17:04:39
473,2016-05-22,6.0,天然地震,27.72,115.39,ML1.9,江西,16:56:13,1.9,2016-05-22T16:56:13
474,2016-05-22,8.0,天然地震,26.11,99.58,ML1.3,云南,16:36:32,1.3,2016-05-22T16:36:32
475,2016-05-22,7.0,天然地震,26.08,99.61,ML0.5,云南,16:34:07,0.5,2016-05-22T16:34:07
476,2016-05-22,5.0,天然地震,26.12,99.58,ML1.4,云南,15:59:52,1.4,2016-05-22T15:59:52
477,2016-05-22,14.0,天然地震,26.19,99.5,ML1.1,云南,15:58:04,1.1,2016-05-22T15:58:04
478,2016-05-22,9.0,天然地震,26.23,99.41,ML0.8,云南,15:58:01,0.8,2016-05-22T15:58:01
479,2016-05-22,10.0,天然地震,26.11,99.58,ML0.9,云南,15:55:17,0.9,2016-05-22T15:55:17
480,2016-05-22,5.0,天然地震,41.02,124.4,ML1.9,辽宁,15:53:28,1.9,2016-05-22T15:53:28
481,2016-05-22,7.0,天然地震,26.09,99.58,ML1.4,云南,15:47:27,1.4,2016-05-22T15:47:27
482,2016-05-22,21.0,天然地震,38.75,103.02,ML2.0,甘肃,15:45:37,2.0,2016-05-22T15:45:37
483,2016-05-22,8.0,天然地震,23.72,114.69,ML0.3,广东,15:27:46,0.3,2016-05-22T15:27:46
484,2016-05-22,7.0,天然地震,26.2,99.44,ML0.9,云南,15:21:14,0.9,2016-05-22T15:21:14
485,2016-05-22,6.0,天然地震,26.24,99.39,ML0.8,云南,15:20:17,0.8,2016-05-22T15:20:17
486,2016-05-22,5.0,天然地震,26.12,99.59,ML1.8,云南,15:19:15,1.8,2016-05-22T15:19:15
487,2016-05-22,14.0,天然地震,31.34,103.75,ML1.2,四川,15:18:49,1.2,2016-05-22T15:18:49
488,2016-05-22,7.0,天然地震,32.42,104.88,ML1.7,四川,15:18:25,1.7,2016-05-22T15:18:25
489,2016-05-22,5.0,天然地震,26.22,99.45,ML0.9,云南,15:14:43,0.9,2016-05-22T15:14:43
490,2016-05-22,6.0,天然地震,43.23,87.92,ML1.1,新疆,15:13:58,1.1,2016-05-22T15:13:58
491,2016-05-22,5.0,天然地震,26.09,99.59,ML0.3,云南,15:12:58,0.3,2016-05-22T15:12:58
492,2016-05-22,9.0,天然地震,23.73,114.62,ML0.0,广东,15:03:37,0.0,2016-05-22T15:03:37
493,2016-05-22,8.0,天然地震,38.28,103.0,ML0.9,甘肃,15:00:55,0.9,2016-05-22T15:00:55
494,2016-05-22,7.0,天然地震,26.08,99.61,ML1.1,云南,15:00:48,1.1,2016-05-22T15:00:48
495,2016-05-22,12.0,天然地震,26.15,99.52,ML1.0,云南,14:38:35,1.0,2016-05-22T14:38:35
496,2016-05-22,8.0,天然地震,26.14,99.54,ML1.8,云南,14:35:28,1.8,2016-05-22T14:35:28
497,2016-05-22,2.0,天然地震,38.28,102.1,ML1.4,甘肃,14:34:27,1.4,2016-05-22T14:34:27
498,2016-05-22,2.0,天然地震,31.04,103.33,ML1.1,四川,14:19:47,1.1,2016-05-22T14:19:47
499,2016-05-22,6.0,天然地震,26.11,99.6,ML1.3,云南,14:18:07,1.3,2016-05-22T14:18:07
500,2016-05-22,6.0,天然地震,44.24,86.71,ML2.0,新疆,14:03:54,2.0,2016-05-22T14:03:54
501,2016-05-22,8.0,天然地震,40.45,114.74,ML1.1,河北,14:00:01,1.1,2016-05-22T14:00:01
502,2016-05-22,11.0,天然地震,28.19,104.87,ML0.9,四川,13:48:05,0.9,2016-05-22T13:48:05
503,2016-05-22,7.0,天然地震,47.55,88.99,ML1.3,新疆,13:43:16,1.3,2016-05-22T13:43:16
504,2016-05-22,5.0,天然地震,28.48,87.56,ML3.5,西藏,13:37:32,3.5,2016-05-22T13:37:32
505,2016-05-22,7.0,天然地震,28.55,87.6,ML3.1,西藏,13:23:30,3.1,2016-05-22T13:23:30
506,2016-05-22,8.0,天然地震,26.99,102.89,ML1.5,四川,13:05:02,1.5,2016-05-22T13:05:02
507,2016-05-22,16.0,天然地震,38.43,102.74,ML1.6,甘肃,12:59:41,1.6,2016-05-22T12:59:41
508,2016-05-22,5.0,天然地震,44.82,90.91,ML2.2,新疆,12:47:20,2.2,2016-05-22T12:47:20
509,2016-05-22,5.0,天然地震,26.1,99.59,ML0.5,云南,12:46:59,0.5,2016-05-22T12:46:59
510,2016-05-22,22.0,天然地震,39.27,116.71,ML2.0,河北,12:36:39,2.0,2016-05-22T12:36:39
511,2016-05-22,12.0,天然地震,26.18,99.48,ML0.4,云南,12:16:42,0.4,2016-05-22T12:16:42
512,2016-05-22,7.0,天然地震,40.14,114.6,ML1.1,河北,12:12:09,1.1,2016-05-22T12:12:09
513,2016-05-22,11.0,天然地震,26.12,99.57,ML1.1,云南,12:04:17,1.1,2016-05-22T12:04:17
514,2016-05-22,8.0,天然地震,46.68,90.12,ML0.7,新疆,11:56:44,0.7,2016-05-22T11:56:44
515,2016-05-22,17.0,天然地震,31.44,103.86,ML1.7,四川,11:38:18,1.7,2016-05-22T11:38:18
516,2016-05-22,8.0,天然地震,38.19,94.97,ML2.4,青海,11:18:56,2.4,2016-05-22T11:18:56
517,2016-05-22,2.0,天然地震,28.51,87.56,ML3.0,西藏,11:06:16,3.0,2016-05-22T11:06:16
518,2016-05-22,5.0,天然地震,28.59,87.54,ML2.8,西藏,11:04:43,2.8,2016-05-22T11:04:43
519,2016-05-22,7.0,天然地震,28.59,87.54,ML3.4,西藏,10:55:41,3.4,2016-05-22T10:55:41
520,2016-05-22,7.0,天然地震,28.42,87.62,ML3.1,西藏,10:50:28,3.1,2016-05-22T10:50:28
521,2016-05-22,5.0,天然地震,46.6,90.05,ML0.8,新疆,10:49:02,0.8,2016-05-22T10:49:02
522,2016-05-22,10.0,天然地震,26.1,99.57,ML0.3,云南,10:46:39,0.3,2016-05-22T10:46:39
523,2016-05-22,2.0,天然地震,28.17,104.88,ML0.5,四川,10:32:28,0.5,2016-05-22T10:32:28
524,2016-05-22,3.0,天然地震,28.48,87.58,ML3.3,西藏,10:18:11,3.3,2016-05-22T10:18:11
525,2016-05-22,4.0,天然地震,28.82,87.36,ML3.3,西藏,10:16:17,3.3,2016-05-22T10:16:17
526,2016-05-22,7.0,天然地震,28.51,87.54,ML3.3,西藏,09:39:49,3.3,2016-05-22T09:39:49
527,2016-05-22,13.0,天然地震,31.77,104.32,ML2.3,四川,09:36:53,2.3,2016-05-22T09:36:53
528,2016-05-22,8.0,天然地震,28.51,87.58,ML4.2,西藏,09:32:29,4.2,2016-05-22T09:32:29
529,2016-05-22,12.0,天然地震,28.19,104.88,ML0.8,四川,09:29:34,0.8,2016-05-22T09:29:34
530,2016-05-22,5.0,天然地震,37.67,113.66,ML1.1,山西,09:28:12,1.1,2016-05-22T09:28:12
531,2016-05-22,6.0,天然地震,26.11,99.59,ML1.5,云南,09:23:47,1.5,2016-05-22T09:23:47
532,2016-05-22,7.0,天然地震,39.11,75.09,ML1.6,新疆,09:21:35,1.6,2016-05-22T09:21:35
533,2016-05-22,10.0,天然地震,34.9,118.53,ML1.1,山东,09:15:36,1.1,2016-05-22T09:15:36
534,2016-05-22,2.0,天然地震,29.54,104.82,ML1.6,四川,09:15:00,1.6,2016-05-22T09:15:00
535,2016-05-22,13.0,天然地震,26.11,99.57,ML0.9,云南,09:13:05,0.9,2016-05-22T09:13:05
536,2016-05-22,10.0,天然地震,39.55,96.32,ML1.5,甘肃,08:59:57,1.5,2016-05-22T08:59:57
537,2016-05-22,5.0,天然地震,26.25,99.37,ML0.8,云南,08:48:05,0.8,2016-05-22T08:48:05
538,2016-05-22,8.0,天然地震,26.23,99.37,ML0.5,云南,08:44:18,0.5,2016-05-22T08:44:18
539,2016-05-22,5.0,天然地震,26.23,99.33,ML0.8,云南,08:40:55,0.8,2016-05-22T08:40:55
540,2016-05-22,5.0,天然地震,27.97,101.09,ML1.1,四川,08:32:19,1.1,2016-05-22T08:32:19
541,2016-05-22,36.0,天然地震,35.07,105.2,ML1.3,甘肃,08:28:51,1.3,2016-05-22T08:28:51
542,2016-05-22,6.0,天然地震,26.23,99.37,ML0.2,云南,08:20:51,0.2,2016-05-22T08:20:51
543,2016-05-22,7.0,天然地震,39.93,77.12,ML1.5,新疆,08:20:00,1.5,2016-05-22T08:20:00
544,2016-05-22,13.0,天然地震,39.78,113.8,ML0.0,山西,08:15:03,0.0,2016-05-22T08:15:03
545,2016-05-22,14.0,天然地震,31.11,103.76,ML0.5,四川,08:13:30,0.5,2016-05-22T08:13:30
546,2016-05-22,5.0,天然地震,26.05,99.6,ML0.5,云南,08:11:37,0.5,2016-05-22T08:11:37
547,2016-05-22,5.0,天然地震,26.06,99.6,ML0.6,云南,08:11:05,0.6,2016-05-22T08:11:05
548,2016-05-22,6.0,天然地震,31.77,104.3,ML0.9,四川,07:58:33,0.9,2016-05-22T07:58:33
549,2016-05-22,5.0,天然地震,31.79,104.28,ML2.3,四川,07:56:39,2.3,2016-05-22T07:56:39
550,2016-05-22,10.0,天然地震,26.11,99.56,ML0.3,云南,07:44:43,0.3,2016-05-22T07:44:43
551,2016-05-22,6.0,天然地震,26.13,99.58,ML1.1,云南,07:43:19,1.1,2016-05-22T07:43:19
552,2016-05-22,6.0,天然地震,26.08,99.61,ML0.2,云南,07:40:14,0.2,2016-05-22T07:40:14
553,2016-05-22,9.0,天然地震,34.9,111.56,ML1.2,山西,07:30:56,1.2,2016-05-22T07:30:56
554,2016-05-22,13.0,天然地震,31.34,103.58,ML1.8,四川,07:25:00,1.8,2016-05-22T07:25:00
555,2016-05-22,5.0,天然地震,29.96,101.44,ML1.9,四川,07:12:51,1.9,2016-05-22T07:12:51
556,2016-05-22,11.0,天然地震,36.85,111.68,ML1.4,山西,07:08:37,1.4,2016-05-22T07:08:37
557,2016-05-22,6.0,天然地震,43.28,124.68,ML1.9,吉林,07:07:46,1.9,2016-05-22T07:07:46
558,2016-05-22,5.0,天然地震,27.09,103.42,ML1.5,云南,06:59:48,1.5,2016-05-22T06:59:48
559,2016-05-22,13.0,天然地震,26.21,99.39,ML0.8,云南,06:48:39,0.8,2016-05-22T06:48:39
560,2016-05-22,11.0,天然地震,26.09,99.58,ML1.0,云南,06:47:02,1.0,2016-05-22T06:47:02
561,2016-05-22,6.0,天然地震,26.05,99.63,ML0.4,云南,06:41:13,0.4,2016-05-22T06:41:13
562,2016-05-22,5.0,天然地震,24.68,96.73,ML2.7,缅甸,06:33:23,2.7,2016-05-22T06:33:23
563,2016-05-22,5.0,天然地震,46.45,90.15,ML0.4,新疆,06:30:09,0.4,2016-05-22T06:30:09
564,2016-05-22,6.0,天然地震,26.09,99.6,ML0.1,云南,06:23:36,0.1,2016-05-22T06:23:36
565,2016-05-22,8.0,天然地震,31.5,103.29,ML1.1,四川,06:21:50,1.1,2016-05-22T06:21:50
566,2016-05-22,9.0,天然地震,25.95,99.66,ML0.1,云南,06:21:13,0.1,2016-05-22T06:21:13
567,2016-05-22,7.0,天然地震,21.72,111.76,ML0.9,广东,06:15:56,0.9,2016-05-22T06:15:56
568,2016-05-22,12.0,天然地震,26.09,99.57,ML0.3,云南,06:06:18,0.3,2016-05-22T06:06:18
569,2016-05-22,26.0,天然地震,26.09,99.55,ML0.5,云南,05:56:35,0.5,2016-05-22T05:56:35
570,2016-05-22,6.0,天然地震,26.06,99.6,ML0.5,云南,05:55:41,0.5,2016-05-22T05:55:41
571,2016-05-22,8.0,天然地震,43.68,87.49,ML1.9,新疆,05:53:34,1.9,2016-05-22T05:53:34
572,2016-05-22,5.0,天然地震,30.12,106.73,ML2.2,四川,05:46:10,2.2,2016-05-22T05:46:10
573,2016-05-22,7.0,天然地震,42.35,80.82,ML1.1,新疆,05:43:33,1.1,2016-05-22T05:43:33
574,2016-05-22,5.0,天然地震,26.24,99.36,ML0.4,云南,05:38:20,0.4,2016-05-22T05:38:20
575,2016-05-22,7.0,天然地震,39.52,77.07,ML2.3,新疆,05:38:13,2.3,2016-05-22T05:38:13
576,2016-05-22,6.0,天然地震,26.06,99.61,ML0.4,云南,05:35:59,0.4,2016-05-22T05:35:59
577,2016-05-22,6.0,天然地震,28.63,115.48,ML0.9,江西,05:33:43,0.9,2016-05-22T05:33:43
578,2016-05-22,11.0,天然地震,26.1,99.58,ML0.4,云南,05:26:21,0.4,2016-05-22T05:26:21
579,2016-05-22,18.0,天然地震,26.83,100.67,ML1.5,云南,05:24:29,1.5,2016-05-22T05:24:29
580,2016-05-22,13.0,天然地震,31.01,103.4,ML1.7,四川,05:23:35,1.7,2016-05-22T05:23:35
581,2016-05-22,11.0,天然地震,26.11,99.58,ML0.5,云南,05:15:21,0.5,2016-05-22T05:15:21
582,2016-05-22,6.0,天然地震,25.18,105.12,ML2.8,贵州,04:55:21,2.8,2016-05-22T04:55:21
583,2016-05-22,6.0,天然地震,22.95,120.59,Ms4.5,台湾,04:51:40,5.0,2016-05-22T04:51:40
584,2016-05-22,8.0,天然地震,26.11,99.57,ML0.5,云南,04:49:51,0.5,2016-05-22T04:49:51
585,2016-05-22,8.0,天然地震,40.04,116.42,ML0.3,北京,04:49:06,0.3,2016-05-22T04:49:06
586,2016-05-22,10.0,天然地震,43.58,88.19,ML1.5,新疆,04:48:23,1.5,2016-05-22T04:48:23
587,2016-05-22,10.0,天然地震,26.1,99.57,ML0.7,云南,04:40:10,0.7,2016-05-22T04:40:10
588,2016-05-22,7.0,天然地震,21.73,111.76,ML1.3,广东,04:37:53,1.3,2016-05-22T04:37:53
589,2016-05-22,7.0,天然地震,37.11,82.68,ML1.3,新疆,04:29:54,1.3,2016-05-22T04:29:54
590,2016-05-22,5.0,天然地震,26.09,99.57,ML1.4,云南,04:24:21,1.4,2016-05-22T04:24:21
591,2016-05-22,2.0,天然地震,28.06,104.83,ML1.1,四川,04:17:55,1.1,2016-05-22T04:17:55
592,2016-05-22,5.0,天然地震,28.09,101.48,ML1.4,四川,04:15:18,1.4,2016-05-22T04:15:18
593,2016-05-22,7.0,天然地震,31.91,95.06,ML2.7,西藏,04:12:50,2.7,2016-05-22T04:12:50
594,2016-05-22,11.0,天然地震,26.1,99.58,ML0.8,云南,04:11:07,0.8,2016-05-22T04:11:07
595,2016-05-22,17.0,天然地震,37.9,113.02,ML0.6,山西,04:05:10,0.6,2016-05-22T04:05:10
596,2016-05-22,8.0,天然地震,39.57,75.23,ML1.4,新疆,04:02:23,1.4,2016-05-22T04:02:23
597,2016-05-22,9.0,天然地震,26.1,99.59,ML1.3,云南,03:56:37,1.3,2016-05-22T03:56:37
598,2016-05-22,2.0,天然地震,28.18,104.87,ML0.4,四川,03:55:47,0.4,2016-05-22T03:55:47
599,2016-05-22,9.0,天然地震,26.1,99.59,ML0.9,云南,03:55:24,0.9,2016-05-22T03:55:24
600,2016-05-22,9.0,天然地震,37.06,104.11,ML1.0,甘肃,03:38:26,1.0,2016-05-22T03:38:26
601,2016-05-22,9.0,天然地震,33.32,104.68,ML0.1,甘肃,03:32:10,0.1,2016-05-22T03:32:10
602,2016-05-22,7.0,天然地震,40.39,78.52,ML1.0,新疆,03:29:23,1.0,2016-05-22T03:29:23
603,2016-05-22,9.0,天然地震,23.31,103.12,ML2.0,云南,03:19:40,2.0,2016-05-22T03:19:40
604,2016-05-22,11.0,天然地震,40.68,122.73,ML0.9,辽宁,03:18:29,0.9,2016-05-22T03:18:29
605,2016-05-22,7.0,天然地震,35.64,99.15,ML1.6,青海,03:17:13,1.6,2016-05-22T03:17:13
606,2016-05-22,7.0,天然地震,37.86,101.95,ML0.7,甘肃,03:16:35,0.7,2016-05-22T03:16:35
607,2016-05-22,14.0,天然地震,26.1,99.56,ML0.4,云南,03:08:53,0.4,2016-05-22T03:08:53
608,2016-05-22,6.0,天然地震,40.38,77.62,ML2.5,新疆,03:06:45,2.5,2016-05-22T03:06:45
609,2016-05-22,6.0,天然地震,43.74,86.89,ML0.2,新疆,03:02:22,0.2,2016-05-22T03:02:22
610,2016-05-22,5.0,天然地震,32.22,104.58,ML1.1,四川,02:56:02,1.1,2016-05-22T02:56:02
611,2016-05-22,5.0,天然地震,31.16,103.48,ML1.3,四川,02:53:28,1.3,2016-05-22T02:53:28
612,2016-05-22,8.0,天然地震,28.29,87.61,ML3.1,西藏,02:53:08,3.1,2016-05-22T02:53:08
613,2016-05-22,17.0,天然地震,25.21,101.75,ML1.4,云南,02:48:40,1.4,2016-05-22T02:48:40
614,2016-05-22,7.0,天然地震,37.81,105.37,ML1.0,内蒙,02:41:26,1.0,2016-05-22T02:41:26
615,2016-05-22,20.0,天然地震,37.82,112.81,ML0.1,山西,02:35:18,0.1,2016-05-22T02:35:18
616,2016-05-22,10.0,天然地震,37.7,102.53,ML0.4,甘肃,02:32:27,0.4,2016-05-22T02:32:27
617,2016-05-22,24.0,天然地震,27.66,101.1,ML0.6,四川,02:28:32,0.6,2016-05-22T02:28:32
618,2016-05-22,19.0,天然地震,36.63,111.74,ML2.7,山西,02:27:09,2.7,2016-05-22T02:27:09
619,2016-05-22,14.0,天然地震,31.39,103.82,ML0.6,四川,02:26:23,0.6,2016-05-22T02:26:23
620,2016-05-22,10.0,天然地震,26.1,99.59,ML0.8,云南,02:25:37,0.8,2016-05-22T02:25:37
621,2016-05-22,3.0,疑爆,29.62,107.43,ML1.6,重庆,02:24:26,1.6,2016-05-22T02:24:26
622,2016-05-22,5.0,天然地震,32.45,105.02,ML0.4,四川,02:20:37,0.4,2016-05-22T02:20:37
623,2016-05-22,1.0,天然地震,32.45,105.02,ML0.5,四川,02:20:37,0.5,2016-05-22T02:20:37
624,2016-05-22,22.0,天然地震,27.05,103.38,ML1.2,云南,02:18:09,1.2,2016-05-22T02:18:09
625,2016-05-22,6.0,天然地震,26.07,99.61,ML0.3,云南,02:16:10,0.3,2016-05-22T02:16:10
626,2016-05-22,7.0,天然地震,37.6,77.52,ML2.5,新疆,02:12:56,2.5,2016-05-22T02:12:56
627,2016-05-22,5.0,天然地震,32.44,105.02,ML0.5,四川,02:12:11,0.5,2016-05-22T02:12:11
628,2016-05-22,13.0,天然地震,32.18,104.64,ML0.7,四川,02:09:15,0.7,2016-05-22T02:09:15
629,2016-05-22,6.0,天然地震,40.48,77.27,ML1.5,新疆,02:04:54,1.5,2016-05-22T02:04:54
630,2016-05-22,22.0,天然地震,37.86,112.56,ML0.3,山西,02:02:40,0.3,2016-05-22T02:02:40
631,2016-05-22,7.0,天然地震,26.18,100.6,ML0.5,云南,02:00:20,0.5,2016-05-22T02:00:20
632,2016-05-22,5.0,天然地震,26.17,100.55,ML1.2,云南,01:54:03,1.2,2016-05-22T01:54:03
633,2016-05-22,6.0,天然地震,26.25,99.34,ML1.1,云南,01:47:02,1.1,2016-05-22T01:47:02
634,2016-05-22,11.0,天然地震,26.12,99.56,ML0.7,云南,01:42:44,0.7,2016-05-22T01:42:44
635,2016-05-22,3.0,天然地震,26.17,99.89,ML1.1,云南,01:31:30,1.1,2016-05-22T01:31:30
636,2016-05-22,10.0,天然地震,26.18,99.48,ML0.1,云南,01:19:59,0.1,2016-05-22T01:19:59
637,2016-05-22,6.0,天然地震,39.82,75.39,ML0.8,新疆,01:11:49,0.8,2016-05-22T01:11:49
638,2016-05-22,12.0,天然地震,26.12,99.56,ML0.0,云南,01:10:24,0.0,2016-05-22T01:10:24
639,2016-05-22,6.0,天然地震,39.74,75.45,ML0.7,新疆,01:05:49,0.7,2016-05-22T01:05:49
640,2016-05-22,7.0,天然地震,36.4,102.87,ML1.5,甘肃,01:03:53,1.5,2016-05-22T01:03:53
641,2016-05-22,1.0,天然地震,36.41,102.92,ML1.2,甘肃,01:03:52,1.2,2016-05-22T01:03:52
642,2016-05-22,6.0,天然地震,31.04,103.23,ML1.4,四川,00:55:35,1.4,2016-05-22T00:55:35
643,2016-05-22,8.0,天然地震,26.16,99.51,ML0.2,云南,00:55:28,0.2,2016-05-22T00:55:28
644,2016-05-22,6.0,天然地震,26.09,99.58,ML0.9,云南,00:53:46,0.9,2016-05-22T00:53:46
645,2016-05-22,13.0,天然地震,26.22,99.39,ML0.6,云南,00:43:05,0.6,2016-05-22T00:43:05
646,2016-05-22,6.0,天然地震,31.39,103.27,ML2.0,四川,00:37:55,2.0,2016-05-22T00:37:55
647,2016-05-22,9.0,天然地震,40.76,127.05,ML3.9,朝鲜,00:22:46,3.9,2016-05-22T00:22:46
648,2016-05-21,6.0,天然地震,26.1,99.57,ML1.3,云南,23:52:04,1.3,2016-05-21T23:52:04
649,2016-05-21,12.0,天然地震,26.11,99.57,ML0.6,云南,23:50:02,0.6,2016-05-21T23:50:02
650,2016-05-21,6.0,天然地震,26.25,99.38,ML0.2,云南,23:45:02,0.2,2016-05-21T23:45:02
651,2016-05-21,5.0,天然地震,37.67,101.64,ML0.6,青海,23:36:19,0.6,2016-05-21T23:36:19
652,2016-05-21,11.0,天然地震,26.09,99.58,ML0.7,云南,23:36:07,0.7,2016-05-21T23:36:07
653,2016-05-21,7.0,天然地震,40.66,122.74,ML0.9,辽宁,23:35:59,0.9,2016-05-21T23:35:59
654,2016-05-21,2.0,天然地震,29.59,104.81,ML1.3,四川,23:32:30,1.3,2016-05-21T23:32:30
655,2016-05-21,23.0,天然地震,26.15,100.56,ML0.4,云南,23:20:13,0.4,2016-05-21T23:20:13
656,2016-05-21,9.0,天然地震,26.1,99.58,ML1.1,云南,23:12:05,1.1,2016-05-21T23:12:05
657,2016-05-21,8.0,天然地震,26.23,99.38,ML0.2,云南,23:09:41,0.2,2016-05-21T23:09:41
658,2016-05-21,10.0,天然地震,25.28,98.12,ML1.5,云南,23:06:55,1.5,2016-05-21T23:06:55
659,2016-05-21,8.0,天然地震,31.76,104.45,ML0.9,四川,23:00:51,0.9,2016-05-21T23:00:51
660,2016-05-21,10.0,天然地震,26.11,99.57,ML0.5,云南,22:55:02,0.5,2016-05-21T22:55:02
661,2016-05-21,13.0,天然地震,32.46,121.62,ML3.1,江苏,22:47:23,3.1,2016-05-21T22:47:23
662,2016-05-21,7.0,天然地震,26.08,99.61,ML0.4,云南,22:46:52,0.4,2016-05-21T22:46:52
663,2016-05-21,6.0,天然地震,40.61,79.28,ML1.0,新疆,22:46:24,1.0,2016-05-21T22:46:24
664,2016-05-21,42.0,天然地震,27.06,103.41,ML1.3,云南,22:36:34,1.3,2016-05-21T22:36:34
665,2016-05-21,9.0,天然地震,37.36,92.84,ML3.0,青海,22:34:47,3.0,2016-05-21T22:34:47
666,2016-05-21,8.0,天然地震,37.33,92.84,ML3.3,青海,22:33:36,3.3,2016-05-21T22:33:36
667,2016-05-21,2.0,天然地震,28.16,104.87,ML1.3,四川,22:25:54,1.3,2016-05-21T22:25:54
668,2016-05-21,6.0,天然地震,28.14,104.95,ML1.4,四川,22:25:53,1.4,2016-05-21T22:25:53
669,2016-05-21,4.0,天然地震,40.66,122.73,ML0.9,辽宁,22:24:19,0.9,2016-05-21T22:24:19
670,2016-05-21,5.0,天然地震,26.1,99.59,ML0.2,云南,22:20:02,0.2,2016-05-21T22:20:02
671,2016-05-21,45.0,天然地震,21.32,99.41,ML2.0,云南,22:18:11,2.0,2016-05-21T22:18:11
672,2016-05-21,8.0,天然地震,26.1,99.57,ML1.1,云南,22:01:14,1.1,2016-05-21T22:01:14
673,2016-05-21,10.0,天然地震,26.1,99.57,ML1.1,云南,22:01:13,1.1,2016-05-21T22:01:13
674,2016-05-21,7.0,天然地震,26.09,99.6,ML0.1,云南,21:53:56,0.1,2016-05-21T21:53:56
675,2016-05-21,5.0,天然地震,46.65,90.08,ML0.8,新疆,21:49:04,0.8,2016-05-21T21:49:04
676,2016-05-21,5.0,天然地震,26.12,99.59,ML1.2,云南,21:46:42,1.2,2016-05-21T21:46:42
677,2016-05-21,6.0,天然地震,46.81,90.23,ML0.8,新疆,21:44:33,0.8,2016-05-21T21:44:33
678,2016-05-21,5.0,天然地震,26.11,99.59,ML0.6,云南,21:41:54,0.6,2016-05-21T21:41:54
679,2016-05-21,11.0,天然地震,26.09,99.58,ML0.0,云南,21:36:25,0.0,2016-05-21T21:36:25
680,2016-05-21,5.0,天然地震,26.11,99.59,ML1.0,云南,21:29:43,1.0,2016-05-21T21:29:43
681,2016-05-21,3.0,天然地震,27.28,103.65,ML1.8,云南,21:24:57,1.8,2016-05-21T21:24:57
682,2016-05-21,5.0,天然地震,27.98,101.09,ML1.5,四川,21:22:59,1.5,2016-05-21T21:22:59
683,2016-05-21,5.0,天然地震,35.72,113.86,ML1.2,河南,21:21:41,1.2,2016-05-21T21:21:41
684,2016-05-21,7.0,天然地震,35.75,113.86,ML1.1,河南,21:21:40,1.1,2016-05-21T21:21:40
685,2016-05-21,5.0,天然地震,26.09,99.59,ML1.6,云南,21:12:42,1.6,2016-05-21T21:12:42
686,2016-05-21,12.0,天然地震,26.11,99.56,ML0.3,云南,21:10:36,0.3,2016-05-21T21:10:36
687,2016-05-21,6.0,天然地震,40.53,123.03,ML1.7,辽宁,21:05:31,1.7,2016-05-21T21:05:31
688,2016-05-21,7.0,天然地震,36.93,99.58,ML2.0,青海,21:02:13,2.0,2016-05-21T21:02:13
689,2016-05-21,15.0,天然地震,26.15,99.53,ML0.1,云南,21:00:37,0.1,2016-05-21T21:00:37
690,2016-05-21,6.0,天然地震,45.68,84.39,ML1.1,新疆,20:49:41,1.1,2016-05-21T20:49:41
691,2016-05-21,11.0,天然地震,26.09,99.59,ML2.8,云南,20:46:23,2.8,2016-05-21T20:46:23
692,2016-05-21,8.0,天然地震,26.11,99.58,ML0.8,云南,20:24:08,0.8,2016-05-21T20:24:08
693,2016-05-21,7.0,天然地震,47.23,89.95,ML1.1,新疆,20:17:36,1.1,2016-05-21T20:17:36
694,2016-05-21,5.0,天然地震,26.1,99.58,ML1.1,云南,20:13:53,1.1,2016-05-21T20:13:53
695,2016-05-21,23.0,天然地震,38.69,112.69,ML1.2,山西,20:11:20,1.2,2016-05-21T20:11:20
696,2016-05-21,24.0,天然地震,38.7,112.68,ML1.6,山西,20:11:19,1.6,2016-05-21T20:11:19
697,2016-05-21,3.0,天然地震,22.34,99.49,ML1.9,云南,20:02:07,1.9,2016-05-21T20:02:07
698,2016-05-21,5.0,天然地震,32.16,105.25,ML1.3,四川,20:00:51,1.3,2016-05-21T20:00:51
699,2016-05-21,6.0,天然地震,26.09,99.58,ML0.3,云南,19:51:11,0.3,2016-05-21T19:51:11
700,2016-05-21,12.0,天然地震,26.14,99.56,ML0.8,云南,19:42:51,0.8,2016-05-21T19:42:51
701,2016-05-21,7.0,天然地震,26.13,99.55,ML2.2,云南,19:35:35,2.2,2016-05-21T19:35:35
702,2016-05-21,5.0,天然地震,31.95,95.03,ML3.0,西藏,19:32:56,3.0,2016-05-21T19:32:56
703,2016-05-21,6.0,天然地震,26.12,99.59,ML0.6,云南,19:26:36,0.6,2016-05-21T19:26:36
704,2016-05-21,4.0,天然地震,46.91,88.41,ML0.9,新疆,19:16:27,0.9,2016-05-21T19:16:27
705,2016-05-21,11.0,天然地震,26.16,99.51,ML0.5,云南,19:13:50,0.5,2016-05-21T19:13:50
706,2016-05-21,5.0,天然地震,26.1,99.6,ML1.0,云南,19:12:09,1.0,2016-05-21T19:12:09
707,2016-05-21,7.0,天然地震,28.74,87.39,ML2.9,西藏,19:06:22,2.9,2016-05-21T19:06:22
708,2016-05-21,3.0,天然地震,23.53,104.36,ML1.6,云南,19:01:37,1.6,2016-05-21T19:01:37
709,2016-05-21,6.0,天然地震,26.1,99.6,ML0.6,云南,19:01:19,0.6,2016-05-21T19:01:19
710,2016-05-21,6.0,天然地震,26.13,99.54,ML1.7,云南,18:57:46,1.7,2016-05-21T18:57:46
711,2016-05-21,6.0,天然地震,27.12,103.3,ML1.8,云南,18:55:35,1.8,2016-05-21T18:55:35
712,2016-05-21,5.0,天然地震,24.55,98.12,ML1.9,云南,18:54:32,1.9,2016-05-21T18:54:32
713,2016-05-21,6.0,天然地震,23.74,98.87,ML1.8,云南,18:53:29,1.8,2016-05-21T18:53:29
714,2016-05-21,10.0,天然地震,26.1,99.59,ML1.0,云南,18:51:06,1.0,2016-05-21T18:51:06
715,2016-05-21,6.0,天然地震,40.82,122.45,ML1.5,辽宁,18:49:29,1.5,2016-05-21T18:49:29
716,2016-05-21,7.0,天然地震,26.1,99.59,ML0.8,云南,18:43:48,0.8,2016-05-21T18:43:48
717,2016-05-21,19.0,天然地震,23.55,105.68,ML1.8,云南,18:43:45,1.8,2016-05-21T18:43:45
718,2016-05-21,7.0,天然地震,47.04,89.71,ML1.0,新疆,18:43:30,1.0,2016-05-21T18:43:30
719,2016-05-21,13.0,天然地震,26.11,99.58,ML1.1,云南,18:42:41,1.1,2016-05-21T18:42:41
720,2016-05-21,6.0,天然地震,23.43,104.36,ML1.6,云南,18:40:05,1.6,2016-05-21T18:40:05
721,2016-05-21,10.0,天然地震,26.03,103.19,ML1.4,云南,18:40:02,1.4,2016-05-21T18:40:02
722,2016-05-21,6.0,天然地震,26.23,99.34,ML0.6,云南,18:39:33,0.6,2016-05-21T18:39:33
723,2016-05-21,7.0,天然地震,24.27,98.37,ML1.5,云南,18:36:11,1.5,2016-05-21T18:36:11
724,2016-05-21,8.0,天然地震,28.45,87.55,ML3.4,西藏,18:35:36,3.4,2016-05-21T18:35:36
725,2016-05-21,5.0,天然地震,25.47,102.08,ML1.4,云南,18:32:50,1.4,2016-05-21T18:32:50
726,2016-05-21,11.0,天然地震,26.09,99.59,ML1.0,云南,18:28:48,1.0,2016-05-21T18:28:48
727,2016-05-21,6.0,天然地震,26.25,99.38,ML0.3,云南,18:20:09,0.3,2016-05-21T18:20:09
728,2016-05-21,3.0,天然地震,24.08,101.66,ML1.3,云南,18:20:05,1.3,2016-05-21T18:20:05
729,2016-05-21,17.0,天然地震,30.3,100.45,ML2.9,四川,18:18:43,2.9,2016-05-21T18:18:43
730,2016-05-21,12.0,天然地震,26.1,99.56,ML0.3,云南,18:18:06,0.3,2016-05-21T18:18:06
731,2016-05-21,3.0,天然地震,26.1,99.59,ML1.5,云南,18:15:26,1.5,2016-05-21T18:15:26
732,2016-05-21,6.0,天然地震,25.9,100.22,ML0.5,云南,18:12:26,0.5,2016-05-21T18:12:26
733,2016-05-21,3.0,天然地震,26.18,99.96,ML1.1,云南,18:03:01,1.1,2016-05-21T18:03:01
734,2016-05-21,10.0,天然地震,26.11,99.57,ML0.2,云南,18:01:30,0.2,2016-05-21T18:01:30
735,2016-05-21,13.0,天然地震,26.12,99.53,ML0.5,云南,17:50:12,0.5,2016-05-21T17:50:12
736,2016-05-21,10.0,天然地震,36.5,101.91,ML1.3,青海,17:49:25,1.3,2016-05-21T17:49:25
737,2016-05-21,6.0,天然地震,31.4,116.19,ML0.3,安徽,17:15:40,0.3,2016-05-21T17:15:40
738,2016-05-21,7.0,天然地震,23.76,114.62,ML0.3,广东,17:12:54,0.3,2016-05-21T17:12:54
739,2016-05-21,5.0,天然地震,26.11,99.58,ML1.4,云南,17:12:03,1.4,2016-05-21T17:12:03
740,2016-05-21,5.0,天然地震,26.36,101.41,ML1.5,云南,17:01:34,1.5,2016-05-21T17:01:34
741,2016-05-21,6.0,天然地震,28.32,87.59,ML2.9,西藏,16:39:57,2.9,2016-05-21T16:39:57
742,2016-05-21,1.0,天然地震,25.56,100.5,ML1.1,云南,16:36:50,1.1,2016-05-21T16:36:50
743,2016-05-21,2.0,天然地震,28.4,104.81,ML1.4,四川,16:17:53,1.4,2016-05-21T16:17:53
744,2016-05-21,3.0,天然地震,28.71,104.24,ML1.7,四川,16:17:48,1.7,2016-05-21T16:17:48
745,2016-05-21,7.0,天然地震,28.36,87.56,ML3.6,西藏,16:10:57,3.6,2016-05-21T16:10:57
746,2016-05-21,7.0,天然地震,28.34,87.6,ML4.1,西藏,15:58:59,4.1,2016-05-21T15:58:59
747,2016-05-21,11.0,天然地震,26.09,99.58,ML0.9,云南,15:46:33,0.9,2016-05-21T15:46:33
748,2016-05-21,5.0,天然地震,26.09,99.58,ML1.5,云南,15:35:11,1.5,2016-05-21T15:35:11
749,2016-05-21,5.0,天然地震,26.1,99.58,ML1.9,云南,15:31:11,1.9,2016-05-21T15:31:11
750,2016-05-21,6.0,天然地震,26.09,99.6,ML2.2,云南,15:30:48,2.2,2016-05-21T15:30:48
751,2016-05-21,6.0,天然地震,38.09,76.71,ML1.7,新疆,15:21:46,1.7,2016-05-21T15:21:46
752,2016-05-21,5.0,天然地震,26.13,99.6,ML1.0,云南,15:16:26,1.0,2016-05-21T15:16:26
753,2016-05-21,7.0,天然地震,25.62,100.39,ML1.0,云南,15:16:20,1.0,2016-05-21T15:16:20
754,2016-05-21,5.0,天然地震,40.15,74.03,ML1.6,吉尔,15:07:46,1.6,2016-05-21T15:07:46
755,2016-05-21,6.0,天然地震,26.79,100.26,ML1.3,云南,14:57:13,1.3,2016-05-21T14:57:13
756,2016-05-21,6.0,天然地震,27.92,101.43,ML1.5,四川,14:28:45,1.5,2016-05-21T14:28:45
757,2016-05-21,5.0,天然地震,33.74,105.64,ML1.1,甘肃,14:26:05,1.1,2016-05-21T14:26:05
758,2016-05-21,6.0,天然地震,33.72,105.56,ML0.9,甘肃,14:26:04,0.9,2016-05-21T14:26:04
759,2016-05-21,5.0,天然地震,31.17,103.52,ML1.6,四川,14:23:58,1.6,2016-05-21T14:23:58
760,2016-05-21,6.0,天然地震,42.05,87.92,ML1.2,新疆,14:18:00,1.2,2016-05-21T14:18:00
761,2016-05-21,6.0,天然地震,26.5,103.24,ML2.1,云南,14:10:54,2.1,2016-05-21T14:10:54
762,2016-05-21,7.0,天然地震,25.17,105.94,ML1.7,贵州,13:58:35,1.7,2016-05-21T13:58:35
763,2016-05-21,6.0,天然地震,24.21,121.74,Ms4.0,台湾,13:47:47,4.5,2016-05-21T13:47:47
764,2016-05-21,6.0,天然地震,26.11,99.58,ML1.0,云南,13:43:46,1.0,2016-05-21T13:43:46
765,2016-05-21,2.0,天然地震,31.02,103.29,ML1.7,四川,13:42:13,1.7,2016-05-21T13:42:13
766,2016-05-21,5.0,天然地震,26.1,99.59,ML0.9,云南,13:33:45,0.9,2016-05-21T13:33:45
767,2016-05-21,9.0,天然地震,25.08,113.87,ML2.2,广东,13:25:38,2.2,2016-05-21T13:25:38
768,2016-05-21,21.0,天然地震,30.98,103.33,ML3.3,四川,13:24:39,3.3,2016-05-21T13:24:39
769,2016-05-21,12.0,天然地震,26.11,99.58,ML1.9,云南,13:24:23,1.9,2016-05-21T13:24:23
770,2016-05-21,14.0,天然地震,26.09,99.57,ML1.1,云南,13:13:39,1.1,2016-05-21T13:13:39
771,2016-05-21,7.0,天然地震,26.65,100.87,ML1.2,云南,13:09:28,1.2,2016-05-21T13:09:28
772,2016-05-21,2.0,天然地震,28.15,104.88,ML2.4,四川,13:06:24,2.4,2016-05-21T13:06:24
773,2016-05-21,7.0,天然地震,46.99,89.64,ML0.9,新疆,12:56:22,0.9,2016-05-21T12:56:22
774,2016-05-21,9.0,天然地震,23.24,117.27,ML0.7,广东,12:51:58,0.7,2016-05-21T12:51:58
775,2016-05-21,5.0,天然地震,27.09,103.4,ML2.6,云南,12:39:31,2.6,2016-05-21T12:39:31
776,2016-05-21,8.0,天然地震,47.54,88.98,ML1.5,新疆,12:39:26,1.5,2016-05-21T12:39:26
777,2016-05-21,6.0,天然地震,26.1,99.59,ML0.8,云南,12:21:11,0.8,2016-05-21T12:21:11
778,2016-05-21,5.0,天然地震,24.34,98.32,ML1.6,云南,12:19:28,1.6,2016-05-21T12:19:28
779,2016-05-21,2.0,天然地震,28.42,104.72,ML0.6,四川,12:19:15,0.6,2016-05-21T12:19:15
780,2016-05-21,11.0,天然地震,25.49,102.44,ML1.6,云南,12:13:55,1.6,2016-05-21T12:13:55
781,2016-05-21,13.0,天然地震,22.05,100.7,ML1.2,云南,12:13:30,1.2,2016-05-21T12:13:30
782,2016-05-21,2.0,天然地震,28.4,104.77,ML1.0,四川,12:10:29,1.0,2016-05-21T12:10:29
783,2016-05-21,15.0,天然地震,39.87,119.23,ML1.4,河北,12:06:15,1.4,2016-05-21T12:06:15
784,2016-05-21,20.0,天然地震,39.85,119.23,ML1.6,河北,12:06:14,1.6,2016-05-21T12:06:14
785,2016-05-21,8.0,天然地震,41.8,90.56,ML1.5,新疆,11:42:07,1.5,2016-05-21T11:42:07
786,2016-05-21,2.0,天然地震,29.53,104.84,ML1.6,四川,11:30:41,1.6,2016-05-21T11:30:41
787,2016-05-21,13.0,天然地震,39.69,118.58,ML1.2,河北,11:16:15,1.2,2016-05-21T11:16:15
788,2016-05-21,5.0,天然地震,31.95,116.04,ML1.2,安徽,11:09:07,1.2,2016-05-21T11:09:07
789,2016-05-21,7.0,天然地震,26.06,99.62,ML0.7,云南,11:02:55,0.7,2016-05-21T11:02:55
790,2016-05-21,6.0,天然地震,26.24,99.35,ML0.5,云南,10:55:06,0.5,2016-05-21T10:55:06
791,2016-05-21,6.0,天然地震,26.09,99.6,ML0.3,云南,10:25:46,0.3,2016-05-21T10:25:46
792,2016-05-21,9.0,天然地震,26.1,99.58,ML1.3,云南,10:16:06,1.3,2016-05-21T10:16:06
793,2016-05-21,7.0,天然地震,26.06,99.61,ML0.7,云南,09:57:01,0.7,2016-05-21T09:57:01
794,2016-05-21,5.0,天然地震,26.11,99.57,ML1.3,云南,09:46:18,1.3,2016-05-21T09:46:18
795,2016-05-21,9.0,天然地震,23.91,114.46,ML0.7,广东,09:37:19,0.7,2016-05-21T09:37:19
796,2016-05-21,5.0,天然地震,25.06,102.59,ML1.3,云南,09:36:16,1.3,2016-05-21T09:36:16
797,2016-05-21,8.0,天然地震,26.09,99.56,ML0.3,云南,09:18:09,0.3,2016-05-21T09:18:09
798,2016-05-21,7.0,天然地震,40.43,76.79,ML1.8,新疆,09:13:40,1.8,2016-05-21T09:13:40
799,2016-05-21,8.0,天然地震,37.68,113.69,ML0.5,山西,09:09:29,0.5,2016-05-21T09:09:29
800,2016-05-21,2.0,天然地震,29.56,104.87,ML2.2,四川,08:50:17,2.2,2016-05-21T08:50:17
801,2016-05-21,13.0,天然地震,29.01,102.26,ML1.6,四川,08:40:21,1.6,2016-05-21T08:40:21
802,2016-05-21,6.0,天然地震,26.12,99.59,ML0.2,云南,08:37:01,0.2,2016-05-21T08:37:01
803,2016-05-21,6.0,天然地震,26.09,99.61,ML0.5,云南,08:33:27,0.5,2016-05-21T08:33:27
804,2016-05-21,6.0,天然地震,26.09,99.58,ML0.1,云南,08:32:22,0.1,2016-05-21T08:32:22
805,2016-05-21,6.0,天然地震,39.26,76.9,ML1.2,新疆,08:31:17,1.2,2016-05-21T08:31:17
806,2016-05-21,2.0,天然地震,28.41,104.72,ML0.6,四川,08:27:08,0.6,2016-05-21T08:27:08
807,2016-05-21,5.0,天然地震,26.12,99.57,ML0.4,云南,08:25:49,0.4,2016-05-21T08:25:49
808,2016-05-21,6.0,天然地震,37.83,102.11,ML1.0,甘肃,08:10:22,1.0,2016-05-21T08:10:22
809,2016-05-21,14.0,天然地震,38.95,113.0,ML0.8,山西,07:49:34,0.8,2016-05-21T07:49:34
810,2016-05-21,8.0,天然地震,26.11,99.59,ML0.6,云南,07:45:59,0.6,2016-05-21T07:45:59
811,2016-05-21,14.0,天然地震,26.12,99.58,ML0.2,云南,07:35:45,0.2,2016-05-21T07:35:45
812,2016-05-21,5.0,天然地震,26.1,99.58,ML0.9,云南,07:29:34,0.9,2016-05-21T07:29:34
813,2016-05-21,5.0,天然地震,23.03,103.36,ML1.8,云南,07:18:04,1.8,2016-05-21T07:18:04
814,2016-05-21,5.0,天然地震,26.09,99.58,ML0.4,云南,07:13:38,0.4,2016-05-21T07:13:38
815,2016-05-21,5.0,天然地震,36.4,111.72,ML0.8,山西,07:06:54,0.8,2016-05-21T07:06:54
816,2016-05-21,5.0,天然地震,26.08,99.59,ML1.3,云南,07:04:30,1.3,2016-05-21T07:04:30
817,2016-05-21,5.0,天然地震,26.13,99.64,ML0.3,云南,07:02:25,0.3,2016-05-21T07:02:25
818,2016-05-21,11.0,天然地震,37.67,113.68,ML1.5,山西,06:20:14,1.5,2016-05-21T06:20:14
819,2016-05-21,6.0,天然地震,37.68,113.72,ML1.5,山西,06:20:13,1.5,2016-05-21T06:20:13
820,2016-05-21,8.0,天然地震,24.7,98.43,ML0.6,云南,06:10:20,0.6,2016-05-21T06:10:20
821,2016-05-21,5.0,天然地震,26.11,99.52,ML0.0,云南,06:07:29,0.0,2016-05-21T06:07:29
822,2016-05-21,5.0,天然地震,26.09,99.59,ML0.9,云南,06:00:57,0.9,2016-05-21T06:00:57
823,2016-05-21,5.0,天然地震,26.06,99.6,ML0.9,云南,06:00:57,0.9,2016-05-21T06:00:57
824,2016-05-21,5.0,天然地震,39.93,116.22,ML0.5,河北,06:00:12,0.5,2016-05-21T06:00:12
825,2016-05-21,17.0,天然地震,34.19,105.57,ML2.4,甘肃,05:55:11,2.4,2016-05-21T05:55:11
826,2016-05-21,7.0,天然地震,31.91,95.01,ML2.5,西藏,05:52:11,2.5,2016-05-21T05:52:11
827,2016-05-21,5.0,天然地震,26.07,99.59,ML0.7,云南,05:51:00,0.7,2016-05-21T05:51:00
828,2016-05-21,6.0,天然地震,36.73,79.09,ML0.9,新疆,05:45:07,0.9,2016-05-21T05:45:07
829,2016-05-21,5.0,天然地震,26.1,99.58,ML0.6,云南,05:44:28,0.6,2016-05-21T05:44:28
830,2016-05-21,13.0,天然地震,22.18,111.97,ML0.6,广东,05:30:09,0.6,2016-05-21T05:30:09
831,2016-05-21,5.0,天然地震,24.94,99.15,ML1.8,云南,05:29:58,1.8,2016-05-21T05:29:58
832,2016-05-21,5.0,天然地震,26.12,99.58,ML0.9,云南,05:23:49,0.9,2016-05-21T05:23:49
833,2016-05-21,5.0,天然地震,26.12,99.57,ML0.5,云南,05:17:31,0.5,2016-05-21T05:17:31
834,2016-05-21,10.0,天然地震,26.1,99.58,ML0.5,云南,05:04:53,0.5,2016-05-21T05:04:53
835,2016-05-21,5.0,天然地震,26.09,99.56,ML0.1,云南,05:04:11,0.1,2016-05-21T05:04:11
836,2016-05-21,5.0,天然地震,26.11,99.61,ML0.6,云南,04:51:43,0.6,2016-05-21T04:51:43
837,2016-05-21,5.0,天然地震,26.15,99.56,ML0.3,云南,04:42:17,0.3,2016-05-21T04:42:17
838,2016-05-21,5.0,天然地震,26.12,99.55,ML2.2,云南,04:41:11,2.2,2016-05-21T04:41:11
839,2016-05-21,9.0,天然地震,26.14,99.54,ML0.2,云南,04:32:19,0.2,2016-05-21T04:32:19
840,2016-05-21,5.0,天然地震,26.1,99.62,ML1.2,云南,04:22:44,1.2,2016-05-21T04:22:44
841,2016-05-21,5.0,天然地震,26.11,99.58,ML1.4,云南,04:21:06,1.4,2016-05-21T04:21:06
842,2016-05-21,4.0,天然地震,26.14,99.53,ML0.3,云南,04:20:46,0.3,2016-05-21T04:20:46
843,2016-05-21,4.0,天然地震,26.12,99.56,ML0.2,云南,04:19:59,0.2,2016-05-21T04:19:59
844,2016-05-21,5.0,天然地震,26.14,99.56,ML0.4,云南,04:18:01,0.4,2016-05-21T04:18:01
845,2016-05-21,5.0,天然地震,26.1,99.57,ML0.6,云南,04:14:28,0.6,2016-05-21T04:14:28
846,2016-05-21,5.0,天然地震,26.14,99.53,ML0.8,云南,04:13:38,0.8,2016-05-21T04:13:38
847,2016-05-21,19.0,天然地震,26.16,100.54,ML1.2,云南,04:05:59,1.2,2016-05-21T04:05:59
848,2016-05-21,5.0,天然地震,27.84,99.69,ML1.2,云南,04:04:37,1.2,2016-05-21T04:04:37
849,2016-05-21,5.0,天然地震,26.14,99.53,ML1.0,云南,04:03:45,1.0,2016-05-21T04:03:45
850,2016-05-21,9.0,天然地震,25.68,118.05,ML1.3,福建,04:03:13,1.3,2016-05-21T04:03:13
851,2016-05-21,5.0,天然地震,26.14,99.54,ML1.9,云南,04:01:56,1.9,2016-05-21T04:01:56
852,2016-05-21,5.0,天然地震,26.14,99.54,ML1.0,云南,03:50:45,1.0,2016-05-21T03:50:45
853,2016-05-21,13.0,天然地震,26.09,99.58,ML0.4,云南,03:44:36,0.4,2016-05-21T03:44:36
854,2016-05-21,9.0,天然地震,26.11,99.59,ML0.3,云南,03:33:17,0.3,2016-05-21T03:33:17
855,2016-05-21,5.0,天然地震,26.12,99.59,ML0.9,云南,03:31:48,0.9,2016-05-21T03:31:48
856,2016-05-21,5.0,天然地震,26.12,99.58,ML0.2,云南,03:26:38,0.2,2016-05-21T03:26:38
857,2016-05-21,5.0,天然地震,37.64,77.96,ML2.5,新疆,03:26:22,2.5,2016-05-21T03:26:22
858,2016-05-21,6.0,天然地震,31.95,95.0,ML2.2,西藏,03:22:53,2.2,2016-05-21T03:22:53
859,2016-05-21,7.0,天然地震,26.15,99.53,ML0.2,云南,03:10:09,0.2,2016-05-21T03:10:09
860,2016-05-21,5.0,天然地震,26.15,99.52,ML0.1,云南,03:08:56,0.1,2016-05-21T03:08:56
861,2016-05-21,9.0,天然地震,26.15,99.54,ML1.0,云南,03:03:34,1.0,2016-05-21T03:03:34
862,2016-05-21,7.0,天然地震,26.15,99.54,ML0.8,云南,03:02:44,0.8,2016-05-21T03:02:44
863,2016-05-21,5.0,天然地震,26.15,99.55,ML0.0,云南,02:59:07,0.0,2016-05-21T02:59:07
864,2016-05-21,5.0,天然地震,26.13,99.54,ML2.7,云南,02:56:56,2.7,2016-05-21T02:56:56
865,2016-05-21,9.0,天然地震,26.1,99.56,ML0.6,云南,02:52:34,0.6,2016-05-21T02:52:34
866,2016-05-21,5.0,天然地震,26.14,99.54,ML0.8,云南,02:20:45,0.8,2016-05-21T02:20:45
867,2016-05-21,7.0,天然地震,44.16,81.0,ML2.2,新疆,01:59:19,2.2,2016-05-21T01:59:19
868,2016-05-21,5.0,天然地震,26.15,99.55,ML0.7,云南,01:55:28,0.7,2016-05-21T01:55:28
869,2016-05-21,20.0,天然地震,31.52,103.27,ML4.1,四川,01:55:02,4.1,2016-05-21T01:55:02
870,2016-05-21,13.0,天然地震,26.09,99.57,ML0.3,云南,01:43:00,0.3,2016-05-21T01:43:00
871,2016-05-21,5.0,天然地震,37.47,113.7,ML0.8,山西,01:35:36,0.8,2016-05-21T01:35:36
872,2016-05-21,28.0,天然地震,36.28,111.76,ML0.8,山西,01:34:31,0.8,2016-05-21T01:34:31
873,2016-05-21,5.0,天然地震,26.1,99.58,ML0.5,云南,01:16:49,0.5,2016-05-21T01:16:49
874,2016-05-21,5.0,天然地震,26.15,99.54,ML0.3,云南,01:12:12,0.3,2016-05-21T01:12:12
875,2016-05-21,5.0,天然地震,26.07,99.58,ML1.6,云南,01:10:06,1.6,2016-05-21T01:10:06
876,2016-05-21,21.0,天然地震,37.76,113.0,ML0.0,山西,01:09:32,0.0,2016-05-21T01:09:32
877,2016-05-21,22.0,天然地震,38.58,112.54,ML0.4,山西,01:00:37,0.4,2016-05-21T01:00:37
878,2016-05-21,5.0,天然地震,26.12,99.57,ML1.0,云南,00:44:20,1.0,2016-05-21T00:44:20
879,2016-05-21,133.0,天然地震,38.36,76.1,ML1.4,新疆,00:29:11,1.4,2016-05-21T00:29:11
880,2016-05-20,11.0,天然地震,26.08,99.58,ML0.3,云南,23:53:23,0.3,2016-05-20T23:53:23
881,2016-05-20,5.0,天然地震,26.12,99.98,ML1.2,云南,23:40:05,1.2,2016-05-20T23:40:05
882,2016-05-20,12.0,天然地震,26.09,99.57,ML0.8,云南,23:36:50,0.8,2016-05-20T23:36:50
883,2016-05-20,4.0,天然地震,37.6,78.25,ML2.2,新疆,23:20:35,2.2,2016-05-20T23:20:35
884,2016-05-20,5.0,天然地震,26.1,99.57,ML0.7,云南,23:12:53,0.7,2016-05-20T23:12:53
885,2016-05-20,11.0,天然地震,26.14,99.53,ML0.7,云南,22:49:53,0.7,2016-05-20T22:49:53
886,2016-05-20,5.0,天然地震,26.09,99.58,ML0.7,云南,22:23:24,0.7,2016-05-20T22:23:24
887,2016-05-20,6.0,天然地震,37.7,102.48,ML1.2,甘肃,22:18:57,1.2,2016-05-20T22:18:57
888,2016-05-20,10.0,天然地震,26.11,99.58,ML1.0,云南,22:11:51,1.0,2016-05-20T22:11:51
889,2016-05-20,10.0,天然地震,35.8,99.06,ML2.1,青海,22:10:56,2.1,2016-05-20T22:10:56
890,2016-05-20,6.0,天然地震,24.18,102.76,ML1.1,云南,21:44:56,1.1,2016-05-20T21:44:56
891,2016-05-20,18.0,天然地震,27.05,103.38,ML1.8,云南,21:27:03,1.8,2016-05-20T21:27:03
892,2016-05-20,6.0,天然地震,25.04,97.79,ML1.5,云南,21:23:21,1.5,2016-05-20T21:23:21
893,2016-05-20,7.0,天然地震,40.25,76.72,ML1.5,新疆,21:23:14,1.5,2016-05-20T21:23:14
894,2016-05-20,7.0,天然地震,33.31,107.35,ML1.2,陕西,21:19:10,1.2,2016-05-20T21:19:10
895,2016-05-20,8.0,天然地震,34.09,102.7,ML2.1,四川,21:12:15,2.1,2016-05-20T21:12:15
896,2016-05-20,5.0,天然地震,40.54,123.03,ML1.8,辽宁,21:03:03,1.8,2016-05-20T21:03:03
897,2016-05-20,6.0,天然地震,43.63,87.66,ML1.1,新疆,20:59:38,1.1,2016-05-20T20:59:38
898,2016-05-20,5.0,天然地震,23.29,103.2,ML1.9,云南,20:53:56,1.9,2016-05-20T20:53:56
899,2016-05-20,6.0,天然地震,40.67,122.86,ML1.1,辽宁,20:52:11,1.1,2016-05-20T20:52:11
900,2016-05-20,7.0,天然地震,38.92,99.63,ML1.2,甘肃,20:32:49,1.2,2016-05-20T20:32:49
901,2016-05-20,6.0,天然地震,47.96,88.23,ML1.1,新疆,20:29:58,1.1,2016-05-20T20:29:58
902,2016-05-20,5.0,天然地震,23.48,103.39,ML1.5,云南,20:25:54,1.5,2016-05-20T20:25:54
903,2016-05-20,4.0,天然地震,23.34,104.27,ML1.5,云南,20:17:46,1.5,2016-05-20T20:17:46
904,2016-05-20,11.0,天然地震,25.89,100.58,ML1.2,云南,20:13:25,1.2,2016-05-20T20:13:25
905,2016-05-20,11.0,天然地震,39.75,118.7,ML0.4,河北,19:58:08,0.4,2016-05-20T19:58:08
906,2016-05-20,5.0,天然地震,26.51,102.99,ML1.9,四川,19:56:38,1.9,2016-05-20T19:56:38
907,2016-05-20,4.0,天然地震,24.3,98.31,ML1.7,云南,19:53:56,1.7,2016-05-20T19:53:56
908,2016-05-20,6.0,天然地震,37.75,112.5,ML0.8,山西,19:38:02,0.8,2016-05-20T19:38:02
909,2016-05-20,8.0,天然地震,26.1,99.57,ML1.6,云南,19:34:05,1.6,2016-05-20T19:34:05
910,2016-05-20,4.0,天然地震,24.5,107.3,ML1.8,广西,19:33:19,1.8,2016-05-20T19:33:19
911,2016-05-20,5.0,天然地震,42.51,87.05,ML2.5,新疆,19:17:46,2.5,2016-05-20T19:17:46
912,2016-05-20,4.0,天然地震,25.74,98.65,ML0.6,云南,19:14:49,0.6,2016-05-20T19:14:49
913,2016-05-20,5.0,天然地震,26.06,99.61,ML0.5,云南,19:13:50,0.5,2016-05-20T19:13:50
914,2016-05-20,6.0,天然地震,43.6,86.21,ML2.5,新疆,19:13:12,2.5,2016-05-20T19:13:12
915,2016-05-20,9.0,天然地震,26.12,99.59,ML1.3,云南,19:12:47,1.3,2016-05-20T19:12:47
916,2016-05-20,5.0,天然地震,26.08,99.59,ML0.6,云南,19:05:51,0.6,2016-05-20T19:05:51
917,2016-05-20,8.0,天然地震,26.09,99.58,ML0.7,云南,19:03:19,0.7,2016-05-20T19:03:19
918,2016-05-20,6.0,天然地震,37.84,101.94,ML1.2,甘肃,18:49:09,1.2,2016-05-20T18:49:09
919,2016-05-20,5.0,天然地震,42.96,87.61,ML2.0,新疆,18:43:02,2.0,2016-05-20T18:43:02
920,2016-05-20,5.0,天然地震,26.18,99.49,ML0.1,云南,18:35:49,0.1,2016-05-20T18:35:49
921,2016-05-20,11.0,天然地震,23.9,114.45,ML0.7,广东,18:34:45,0.7,2016-05-20T18:34:45
922,2016-05-20,11.0,天然地震,23.9,114.45,ML2.0,广东,18:27:26,2.0,2016-05-20T18:27:26
923,2016-05-20,6.0,天然地震,26.07,99.61,ML0.1,云南,18:09:03,0.1,2016-05-20T18:09:03
924,2016-05-20,8.0,天然地震,26.11,99.59,ML0.4,云南,17:52:23,0.4,2016-05-20T17:52:23
925,2016-05-20,7.0,天然地震,26.11,99.58,ML2.0,云南,17:49:47,2.0,2016-05-20T17:49:47
926,2016-05-20,2.0,天然地震,36.22,104.06,ML1.2,甘肃,17:46:37,1.2,2016-05-20T17:46:37
927,2016-05-20,6.0,天然地震,21.75,111.81,ML1.3,广东,17:29:07,1.3,2016-05-20T17:29:07
928,2016-05-20,15.0,天然地震,26.22,99.4,ML0.5,云南,17:02:30,0.5,2016-05-20T17:02:30
929,2016-05-20,11.0,天然地震,26.1,99.58,ML1.0,云南,16:53:21,1.0,2016-05-20T16:53:21
930,2016-05-20,11.0,天然地震,26.1,99.58,ML0.3,云南,16:46:31,0.3,2016-05-20T16:46:31
931,2016-05-20,20.0,天然地震,36.88,103.27,ML1.8,甘肃,16:27:58,1.8,2016-05-20T16:27:58
932,2016-05-20,10.0,天然地震,26.13,99.56,ML0.3,云南,16:09:27,0.3,2016-05-20T16:09:27
933,2016-05-20,118.0,天然地震,38.36,73.28,ML3.1,塔吉,16:06:54,3.1,2016-05-20T16:06:54
934,2016-05-20,5.0,天然地震,37.49,78.21,ML2.5,新疆,15:36:38,2.5,2016-05-20T15:36:38
935,2016-05-20,10.0,天然地震,27.28,103.31,ML2.5,云南,15:36:23,2.5,2016-05-20T15:36:23
936,2016-05-20,9.0,天然地震,23.73,114.7,ML0.0,广东,15:22:19,0.0,2016-05-20T15:22:19
937,2016-05-20,6.0,天然地震,39.86,75.45,ML1.6,新疆,15:11:43,1.6,2016-05-20T15:11:43
938,2016-05-20,10.0,天然地震,26.09,99.57,ML1.9,云南,14:36:10,1.9,2016-05-20T14:36:10
939,2016-05-20,14.0,天然地震,23.4,98.95,ML2.6,云南,14:07:34,2.6,2016-05-20T14:07:34
940,2016-05-20,6.0,天然地震,43.15,88.5,ML4.3,新疆,13:22:25,4.3,2016-05-20T13:22:25
941,2016-05-20,7.0,天然地震,42.12,84.21,ML2.6,新疆,13:19:30,2.6,2016-05-20T13:19:30
942,2016-05-20,5.0,天然地震,39.62,77.22,ML1.8,新疆,13:10:27,1.8,2016-05-20T13:10:27
943,2016-05-20,13.0,天然地震,26.11,99.57,ML0.5,云南,13:04:02,0.5,2016-05-20T13:04:02
944,2016-05-20,9.0,天然地震,26.08,99.58,ML0.4,云南,13:01:04,0.4,2016-05-20T13:01:04
945,2016-05-20,10.0,天然地震,26.06,99.63,ML0.3,云南,12:47:41,0.3,2016-05-20T12:47:41
946,2016-05-20,7.0,天然地震,26.1,99.59,ML0.8,云南,12:41:17,0.8,2016-05-20T12:41:17
947,2016-05-20,5.0,天然地震,47.01,89.89,ML0.6,新疆,12:40:25,0.6,2016-05-20T12:40:25
948,2016-05-20,10.0,天然地震,24.84,99.2,ML1.7,云南,12:38:12,1.7,2016-05-20T12:38:12
949,2016-05-20,3.0,天然地震,47.11,89.94,ML2.2,新疆,12:30:28,2.2,2016-05-20T12:30:28
950,2016-05-20,14.0,天然地震,26.09,99.55,ML0.2,云南,12:25:57,0.2,2016-05-20T12:25:57
951,2016-05-20,10.0,天然地震,26.03,99.61,ML0.3,云南,12:22:10,0.3,2016-05-20T12:22:10
952,2016-05-20,9.0,天然地震,26.08,99.57,ML2.2,云南,12:20:15,2.2,2016-05-20T12:20:15
953,2016-05-20,15.0,天然地震,26.13,99.55,ML0.7,云南,12:13:33,0.7,2016-05-20T12:13:33
954,2016-05-20,10.0,天然地震,26.13,99.55,ML0.2,云南,12:07:47,0.2,2016-05-20T12:07:47
955,2016-05-20,5.0,天然地震,34.54,105.0,ML0.9,甘肃,12:03:14,0.9,2016-05-20T12:03:14
956,2016-05-20,10.0,天然地震,26.08,99.56,ML0.1,云南,12:02:25,0.1,2016-05-20T12:02:25
957,2016-05-20,6.0,天然地震,26.08,99.61,ML0.5,云南,11:46:36,0.5,2016-05-20T11:46:36
958,2016-05-20,3.0,爆破,43.18,124.63,ML2.2,吉林,11:45:30,2.2,2016-05-20T11:45:30
959,2016-05-20,9.0,天然地震,26.08,99.58,ML0.4,云南,11:42:45,0.4,2016-05-20T11:42:45
960,2016-05-20,9.0,天然地震,26.02,99.62,ML0.1,云南,11:25:50,0.1,2016-05-20T11:25:50
961,2016-05-20,14.0,天然地震,26.11,99.55,ML1.1,云南,11:08:02,1.1,2016-05-20T11:08:02
962,2016-05-20,8.0,天然地震,26.08,99.57,ML0.4,云南,11:04:22,0.4,2016-05-20T11:04:22
963,2016-05-20,6.0,天然地震,39.88,75.54,ML1.3,新疆,10:57:42,1.3,2016-05-20T10:57:42
964,2016-05-20,7.0,天然地震,26.09,99.58,ML1.4,云南,10:56:26,1.4,2016-05-20T10:56:26
965,2016-05-20,6.0,天然地震,26.1,99.56,ML1.0,云南,10:54:52,1.0,2016-05-20T10:54:52
966,2016-05-20,30.0,天然地震,25.18,102.31,ML1.6,云南,10:49:22,1.6,2016-05-20T10:49:22
967,2016-05-20,5.0,天然地震,26.23,99.4,ML0.5,云南,10:47:43,0.5,2016-05-20T10:47:43
968,2016-05-20,6.0,天然地震,44.32,92.4,ML1.7,新疆,10:45:55,1.7,2016-05-20T10:45:55
969,2016-05-20,15.0,天然地震,39.07,115.79,ML1.3,河北,10:40:13,1.3,2016-05-20T10:40:13
970,2016-05-20,33.0,天然地震,36.96,112.2,ML1.1,山西,10:36:45,1.1,2016-05-20T10:36:45
971,2016-05-20,5.0,天然地震,39.88,75.48,ML1.5,新疆,10:01:39,1.5,2016-05-20T10:01:39
972,2016-05-20,6.0,天然地震,26.1,99.57,ML1.4,云南,09:52:07,1.4,2016-05-20T09:52:07
973,2016-05-20,8.0,天然地震,26.1,99.57,ML1.7,云南,09:51:32,1.7,2016-05-20T09:51:32
974,2016-05-20,5.0,天然地震,26.12,99.59,ML0.7,云南,09:31:40,0.7,2016-05-20T09:31:40
975,2016-05-20,10.0,天然地震,36.87,121.66,ML0.8,山东,09:07:30,0.8,2016-05-20T09:07:30
976,2016-05-20,9.0,天然地震,26.07,99.58,ML0.3,云南,09:01:20,0.3,2016-05-20T09:01:20
977,2016-05-20,8.0,天然地震,26.1,99.56,ML0.3,云南,08:45:27,0.3,2016-05-20T08:45:27
978,2016-05-20,9.0,天然地震,26.1,99.57,ML0.6,云南,08:39:24,0.6,2016-05-20T08:39:24
979,2016-05-20,16.0,天然地震,40.62,112.24,ML1.4,内蒙,08:32:29,1.4,2016-05-20T08:32:29
980,2016-05-20,14.0,天然地震,26.11,99.57,ML0.3,云南,08:28:09,0.3,2016-05-20T08:28:09
981,2016-05-20,15.0,天然地震,26.09,99.57,ML0.3,云南,08:27:36,0.3,2016-05-20T08:27:36
982,2016-05-20,78.0,天然地震,44.04,86.3,ML2.3,新疆,08:22:43,2.3,2016-05-20T08:22:43
983,2016-05-20,5.0,天然地震,26.08,99.58,ML0.9,云南,08:16:29,0.9,2016-05-20T08:16:29
984,2016-05-20,12.0,天然地震,31.92,94.98,ML2.9,西藏,08:15:08,2.9,2016-05-20T08:15:08
985,2016-05-20,5.0,天然地震,26.11,99.57,ML0.8,云南,08:08:49,0.8,2016-05-20T08:08:49
986,2016-05-20,8.0,天然地震,26.07,99.59,ML0.5,云南,08:02:56,0.5,2016-05-20T08:02:56
987,2016-05-20,13.0,天然地震,29.02,102.26,ML1.1,四川,07:51:13,1.1,2016-05-20T07:51:13
988,2016-05-20,7.0,天然地震,26.11,99.57,ML0.2,云南,07:15:36,0.2,2016-05-20T07:15:36
989,2016-05-20,4.0,天然地震,26.11,99.56,ML0.1,云南,07:15:10,0.1,2016-05-20T07:15:10
990,2016-05-20,5.0,天然地震,40.08,116.42,ML0.2,北京,07:11:43,0.2,2016-05-20T07:11:43
991,2016-05-20,8.0,天然地震,26.1,99.54,ML0.3,云南,07:10:15,0.3,2016-05-20T07:10:15
992,2016-05-20,16.0,天然地震,26.1,99.55,ML0.3,云南,07:00:21,0.3,2016-05-20T07:00:21
993,2016-05-20,10.0,天然地震,26.11,99.61,ML0.2,云南,06:56:05,0.2,2016-05-20T06:56:05
994,2016-05-20,20.0,天然地震,36.92,111.97,ML1.9,山西,06:52:32,1.9,2016-05-20T06:52:32
995,2016-05-20,10.0,天然地震,26.11,99.58,ML0.1,云南,06:49:25,0.1,2016-05-20T06:49:25
996,2016-05-20,10.0,天然地震,23.29,103.2,ML1.8,云南,06:45:44,1.8,2016-05-20T06:45:44
997,2016-05-20,8.0,天然地震,41.73,79.42,ML0.7,新疆,06:31:39,0.7,2016-05-20T06:31:39
998,2016-05-20,7.0,天然地震,26.11,99.57,ML1.1,云南,06:31:35,1.1,2016-05-20T06:31:35
999,2016-05-20,9.0,天然地震,26.1,99.59,ML0.5,云南,06:19:28,0.5,2016-05-20T06:19:28
1000,2016-05-20,10.0,天然地震,26.08,99.6,ML0.5,云南,06:19:04,0.5,2016-05-20T06:19:04
1001,2016-05-20,12.0,天然地震,26.14,99.59,ML0.1,云南,06:08:52,0.1,2016-05-20T06:08:52
1002,2016-05-20,1.0,天然地震,31.59,103.35,ML1.3,四川,06:05:27,1.3,2016-05-20T06:05:27
1003,2016-05-20,10.0,天然地震,24.7,97.82,ML1.4,云南,06:02:33,1.4,2016-05-20T06:02:33
1004,2016-05-20,10.0,天然地震,26.11,99.58,ML0.8,云南,05:38:14,0.8,2016-05-20T05:38:14
1005,2016-05-20,10.0,天然地震,26.09,99.58,ML0.4,云南,05:34:22,0.4,2016-05-20T05:34:22
1006,2016-05-20,11.0,天然地震,26.11,99.57,ML0.8,云南,05:30:30,0.8,2016-05-20T05:30:30
1007,2016-05-20,3.0,天然地震,29.53,104.84,ML1.2,四川,05:29:26,1.2,2016-05-20T05:29:26
1008,2016-05-20,15.0,天然地震,26.4,100.07,ML0.8,云南,05:29:12,0.8,2016-05-20T05:29:12
1009,2016-05-20,9.0,天然地震,26.12,99.58,ML0.3,云南,05:25:11,0.3,2016-05-20T05:25:11
1010,2016-05-20,10.0,天然地震,26.13,99.59,ML0.2,云南,05:10:35,0.2,2016-05-20T05:10:35
1011,2016-05-20,10.0,天然地震,26.11,99.59,ML0.2,云南,05:05:33,0.2,2016-05-20T05:05:33
1012,2016-05-20,14.0,天然地震,32.54,105.21,ML0.5,四川,05:01:37,0.5,2016-05-20T05:01:37
1013,2016-05-20,10.0,天然地震,26.1,99.58,ML0.3,云南,04:59:18,0.3,2016-05-20T04:59:18
1014,2016-05-20,7.0,天然地震,42.48,87.58,ML0.3,新疆,04:53:09,0.3,2016-05-20T04:53:09
1015,2016-05-20,97.0,天然地震,36.89,76.94,ML2.2,新疆,04:52:02,2.2,2016-05-20T04:52:02
1016,2016-05-20,5.0,天然地震,25.4,115.65,ML1.1,江西,04:46:14,1.1,2016-05-20T04:46:14
1017,2016-05-20,10.0,天然地震,24.96,98.35,ML0.2,云南,04:42:27,0.2,2016-05-20T04:42:27
1018,2016-05-20,6.0,天然地震,31.92,95.0,ML2.3,西藏,04:40:16,2.3,2016-05-20T04:40:16
1019,2016-05-20,12.0,天然地震,40.14,116.36,ML0.4,北京,04:37:36,0.4,2016-05-20T04:37:36
1020,2016-05-20,18.0,天然地震,37.35,111.93,ML1.3,山西,04:32:48,1.3,2016-05-20T04:32:48
1021,2016-05-20,8.0,天然地震,38.18,106.0,ML1.5,宁夏,04:32:10,1.5,2016-05-20T04:32:10
1022,2016-05-20,15.0,天然地震,26.12,99.58,ML0.5,云南,04:31:00,0.5,2016-05-20T04:31:00
1023,2016-05-20,6.0,天然地震,32.54,105.21,ML0.6,四川,04:20:20,0.6,2016-05-20T04:20:20
1024,2016-05-20,12.0,天然地震,26.11,99.57,ML0.1,云南,04:11:36,0.1,2016-05-20T04:11:36
1025,2016-05-20,10.0,天然地震,25.15,99.91,ML0.8,云南,04:10:46,0.8,2016-05-20T04:10:46
1026,2016-05-20,10.0,天然地震,26.08,99.58,ML0.2,云南,04:10:29,0.2,2016-05-20T04:10:29
1027,2016-05-20,4.0,天然地震,39.63,118.45,ML0.4,河北,04:07:51,0.4,2016-05-20T04:07:51
1028,2016-05-20,7.0,天然地震,39.95,94.77,ML2.5,甘肃,03:56:02,2.5,2016-05-20T03:56:02
1029,2016-05-20,19.0,天然地震,30.28,102.93,ML0.7,四川,03:53:55,0.7,2016-05-20T03:53:55
1030,2016-05-20,10.0,天然地震,26.09,99.59,ML0.4,云南,03:52:32,0.4,2016-05-20T03:52:32
1031,2016-05-20,10.0,天然地震,40.15,76.7,ML1.6,新疆,03:51:11,1.6,2016-05-20T03:51:11
1032,2016-05-20,14.0,天然地震,31.24,103.44,ML2.6,四川,03:37:37,2.6,2016-05-20T03:37:37
1033,2016-05-20,10.0,天然地震,26.1,99.58,ML0.3,云南,03:32:02,0.3,2016-05-20T03:32:02
1034,2016-05-20,8.0,天然地震,37.83,99.8,ML2.1,青海,03:28:51,2.1,2016-05-20T03:28:51
1035,2016-05-20,8.0,天然地震,39.94,113.83,ML0.8,山西,03:28:17,0.8,2016-05-20T03:28:17
1036,2016-05-20,10.0,天然地震,26.09,99.59,ML0.7,云南,03:25:56,0.7,2016-05-20T03:25:56
1037,2016-05-20,17.0,天然地震,26.09,99.6,ML0.3,云南,03:21:36,0.3,2016-05-20T03:21:36
1038,2016-05-20,16.0,天然地震,39.42,118.04,ML1.8,河北,03:11:23,1.8,2016-05-20T03:11:23
1039,2016-05-20,10.0,天然地震,26.11,99.55,ML0.6,云南,03:11:02,0.6,2016-05-20T03:11:02
1040,2016-05-20,10.0,天然地震,26.11,99.59,ML0.2,云南,03:09:37,0.2,2016-05-20T03:09:37
1041,2016-05-20,6.0,天然地震,26.08,99.56,ML0.8,云南,03:08:54,0.8,2016-05-20T03:08:54
1042,2016-05-20,10.0,天然地震,26.08,99.58,ML0.1,云南,03:00:55,0.1,2016-05-20T03:00:55
1043,2016-05-20,10.0,天然地震,31.34,103.43,ML1.1,四川,03:00:53,1.1,2016-05-20T03:00:53
1044,2016-05-20,8.0,天然地震,32.63,86.11,ML2.8,西藏,02:56:37,2.8,2016-05-20T02:56:37
1045,2016-05-20,15.0,天然地震,32.75,105.62,ML1.4,陕西,02:55:17,1.4,2016-05-20T02:55:17
1046,2016-05-20,10.0,天然地震,26.12,99.58,ML0.1,云南,02:52:33,0.1,2016-05-20T02:52:33
1047,2016-05-20,5.0,天然地震,43.99,88.78,ML2.1,新疆,02:51:48,2.1,2016-05-20T02:51:48
1048,2016-05-20,10.0,天然地震,26.08,99.6,ML0.5,云南,02:42:58,0.5,2016-05-20T02:42:58
1049,2016-05-20,10.0,天然地震,26.11,99.57,ML0.6,云南,02:42:26,0.6,2016-05-20T02:42:26
1050,2016-05-20,10.0,天然地震,26.1,99.58,ML0.2,云南,02:41:44,0.2,2016-05-20T02:41:44
1051,2016-05-20,6.0,天然地震,38.68,101.99,ML1.6,甘肃,02:38:43,1.6,2016-05-20T02:38:43
1052,2016-05-20,22.0,天然地震,37.71,112.69,ML0.3,山西,02:36:24,0.3,2016-05-20T02:36:24
1053,2016-05-20,10.0,天然地震,26.08,99.57,ML0.1,云南,02:31:14,0.1,2016-05-20T02:31:14
1054,2016-05-20,19.0,天然地震,32.54,105.23,ML1.1,四川,02:24:13,1.1,2016-05-20T02:24:13
1055,2016-05-20,99.0,天然地震,38.5,73.11,ML3.4,塔吉,02:02:14,3.4,2016-05-20T02:02:14
1056,2016-05-20,6.0,天然地震,26.07,99.56,ML1.0,云南,02:01:08,1.0,2016-05-20T02:01:08
1057,2016-05-20,9.0,天然地震,37.71,114.2,ML0.6,河北,01:47:51,0.6,2016-05-20T01:47:51
1058,2016-05-20,15.0,天然地震,24.18,98.84,ML1.6,云南,01:45:03,1.6,2016-05-20T01:45:03
1059,2016-05-20,10.0,天然地震,26.08,99.59,ML0.1,云南,01:38:19,0.1,2016-05-20T01:38:19
1060,2016-05-20,2.0,天然地震,32.73,104.87,ML0.7,甘肃,01:21:14,0.7,2016-05-20T01:21:14
1061,2016-05-20,8.0,天然地震,26.1,99.59,ML0.4,云南,01:12:21,0.4,2016-05-20T01:12:21
1062,2016-05-20,17.0,天然地震,37.61,102.26,ML0.7,甘肃,01:12:00,0.7,2016-05-20T01:12:00
1063,2016-05-20,9.0,天然地震,37.6,102.24,ML1.1,甘肃,01:11:59,1.1,2016-05-20T01:11:59
1064,2016-05-20,7.0,天然地震,26.08,99.58,ML0.9,云南,01:00:16,0.9,2016-05-20T01:00:16
1065,2016-05-20,6.0,天然地震,25.17,99.28,ML1.7,云南,00:58:34,1.7,2016-05-20T00:58:34
1066,2016-05-20,11.0,天然地震,28.17,104.87,ML0.9,四川,00:49:39,0.9,2016-05-20T00:49:39
1067,2016-05-20,20.0,天然地震,23.65,101.86,ML1.3,云南,00:42:51,1.3,2016-05-20T00:42:51
1068,2016-05-20,7.0,天然地震,36.65,93.7,ML1.8,青海,00:34:37,1.8,2016-05-20T00:34:37
1069,2016-05-20,6.0,天然地震,37.83,102.12,ML0.6,甘肃,00:20:03,0.6,2016-05-20T00:20:03
1070,2016-05-20,7.0,天然地震,24.51,107.23,ML1.3,广西,00:13:11,1.3,2016-05-20T00:13:11
1071,2016-05-20,10.0,天然地震,26.09,99.57,ML1.2,云南,00:09:22,1.2,2016-05-20T00:09:22
1072,2016-05-20,4.0,天然地震,26.09,99.58,ML0.7,云南,00:06:27,0.7,2016-05-20T00:06:27
1073,2016-05-20,4.0,天然地震,29.54,104.84,ML1.3,四川,00:05:56,1.3,2016-05-20T00:05:56
